[{"pk": 1, "model": "anarapp.estado", "fields": {"nombre": "Amazonas", "activo": 1}}, {"pk": 2, "model": "anarapp.estado", "fields": {"nombre": "Anzo\u00e1tegui", "activo": 1}}, {"pk": 3, "model": "anarapp.estado", "fields": {"nombre": "Apure", "activo": 1}}, {"pk": 4, "model": "anarapp.estado", "fields": {"nombre": "Aragua", "activo": 1}}, {"pk": 5, "model": "anarapp.estado", "fields": {"nombre": "Barinas", "activo": 1}}, {"pk": 6, "model": "anarapp.estado", "fields": {"nombre": "Bol\u00edvar", "activo": 1}}, {"pk": 7, "model": "anarapp.estado", "fields": {"nombre": "Carabobo", "activo": 1}}, {"pk": 8, "model": "anarapp.estado", "fields": {"nombre": "Cojedes", "activo": 1}}, {"pk": 9, "model": "anarapp.estado", "fields": {"nombre": "Delta Amacuro", "activo": 1}}, {"pk": 25, "model": "anarapp.estado", "fields": {"nombre": "Dependencias Federales", "activo": 1}}, {"pk": 24, "model": "anarapp.estado", "fields": {"nombre": "Distrito Capital", "activo": 1}}, {"pk": 10, "model": "anarapp.estado", "fields": {"nombre": "Falc\u00f3n", "activo": 1}}, {"pk": 11, "model": "anarapp.estado", "fields": {"nombre": "Gu\u00e1rico", "activo": 1}}, {"pk": 12, "model": "anarapp.estado", "fields": {"nombre": "Lara", "activo": 1}}, {"pk": 13, "model": "anarapp.estado", "fields": {"nombre": "M\u00e9rida", "activo": 1}}, {"pk": 14, "model": "anarapp.estado", "fields": {"nombre": "Miranda", "activo": 1}}, {"pk": 15, "model": "anarapp.estado", "fields": {"nombre": "Monagas", "activo": 1}}, {"pk": 16, "model": "anarapp.estado", "fields": {"nombre": "Nueva Esparta", "activo": 1}}, {"pk": 17, "model": "anarapp.estado", "fields": {"nombre": "Portuguesa", "activo": 1}}, {"pk": 18, "model": "anarapp.estado", "fields": {"nombre": "Sucre", "activo": 1}}, {"pk": 19, "model": "anarapp.estado", "fields": {"nombre": "T\u00e1chira", "activo": 1}}, {"pk": 20, "model": "anarapp.estado", "fields": {"nombre": "Trujillo", "activo": 1}}, {"pk": 21, "model": "anarapp.estado", "fields": {"nombre": "Vargas", "activo": 1}}, {"pk": 22, "model": "anarapp.estado", "fields": {"nombre": "Yaracuy", "activo": 1}}, {"pk": 23, "model": "anarapp.estado", "fields": {"nombre": "Zulia", "activo": 1}}, {"pk": 2, "model": "anarapp.municipio", "fields": {"nombre": "Atabapo", "activo": 1, "estado": 1}}, {"pk": 3, "model": "anarapp.municipio", "fields": {"nombre": "Atures", "activo": 1, "estado": 1}}, {"pk": 4, "model": "anarapp.municipio", "fields": {"nombre": "Autana", "activo": 1, "estado": 1}}, {"pk": 5, "model": "anarapp.municipio", "fields": {"nombre": "Manapiare", "activo": 1, "estado": 1}}, {"pk": 6, "model": "anarapp.municipio", "fields": {"nombre": "Maroa", "activo": 1, "estado": 1}}, {"pk": 7, "model": "anarapp.municipio", "fields": {"nombre": "R\u00edo Negro", "activo": 1, "estado": 1}}, {"pk": 8, "model": "anarapp.municipio", "fields": {"nombre": "Anaco", "activo": 1, "estado": 2}}, {"pk": 9, "model": "anarapp.municipio", "fields": {"nombre": "Aragua", "activo": 1, "estado": 2}}, {"pk": 11, "model": "anarapp.municipio", "fields": {"nombre": "Fernando de Pe\u00f1alver", "activo": 1, "estado": 2}}, {"pk": 12, "model": "anarapp.municipio", "fields": {"nombre": "Francisco de Carmen Carvajal", "activo": 1, "estado": 2}}, {"pk": 13, "model": "anarapp.municipio", "fields": {"nombre": "Francisco de Miranda", "activo": 1, "estado": 2}}, {"pk": 14, "model": "anarapp.municipio", "fields": {"nombre": "Guanta", "activo": 1, "estado": 2}}, {"pk": 15, "model": "anarapp.municipio", "fields": {"nombre": "Independencia", "activo": 1, "estado": 2}}, {"pk": 16, "model": "anarapp.municipio", "fields": {"nombre": "Jos\u00e9 Gregorio Monagas", "activo": 1, "estado": 2}}, {"pk": 17, "model": "anarapp.municipio", "fields": {"nombre": "Juan Antonio Sotillo", "activo": 1, "estado": 2}}, {"pk": 18, "model": "anarapp.municipio", "fields": {"nombre": "Juan Manuel Cajigal", "activo": 1, "estado": 2}}, {"pk": 19, "model": "anarapp.municipio", "fields": {"nombre": "Libertad", "activo": 1, "estado": 2}}, {"pk": 20, "model": "anarapp.municipio", "fields": {"nombre": "Manuel Ezequiel Bruzual", "activo": 1, "estado": 2}}, {"pk": 21, "model": "anarapp.municipio", "fields": {"nombre": "Pedro Mar\u00eda Freites", "activo": 1, "estado": 2}}, {"pk": 22, "model": "anarapp.municipio", "fields": {"nombre": "P\u00edritu", "activo": 1, "estado": 2}}, {"pk": 23, "model": "anarapp.municipio", "fields": {"nombre": "San Jos\u00e9 de Guanipa", "activo": 1, "estado": 2}}, {"pk": 24, "model": "anarapp.municipio", "fields": {"nombre": "San Juan de Capistrano", "activo": 1, "estado": 2}}, {"pk": 25, "model": "anarapp.municipio", "fields": {"nombre": "Santa Ana", "activo": 1, "estado": 2}}, {"pk": 26, "model": "anarapp.municipio", "fields": {"nombre": "Sim\u00f3n Bol\u00edvar", "activo": 1, "estado": 2}}, {"pk": 28, "model": "anarapp.municipio", "fields": {"nombre": "Sir Artur Mcgregor", "activo": 1, "estado": 2}}, {"pk": 29, "model": "anarapp.municipio", "fields": {"nombre": "Achaguas", "activo": 1, "estado": 3}}, {"pk": 30, "model": "anarapp.municipio", "fields": {"nombre": "Biruaca", "activo": 1, "estado": 3}}, {"pk": 31, "model": "anarapp.municipio", "fields": {"nombre": "Mu\u00f1oz", "activo": 1, "estado": 3}}, {"pk": 32, "model": "anarapp.municipio", "fields": {"nombre": "P\u00e1ez", "activo": 1, "estado": 3}}, {"pk": 33, "model": "anarapp.municipio", "fields": {"nombre": "Pedro Camejo", "activo": 1, "estado": 3}}, {"pk": 34, "model": "anarapp.municipio", "fields": {"nombre": "R\u00f3mulo Gallegos", "activo": 1, "estado": 3}}, {"pk": 35, "model": "anarapp.municipio", "fields": {"nombre": "San Fernando", "activo": 1, "estado": 3}}, {"pk": 36, "model": "anarapp.municipio", "fields": {"nombre": "Bol\u00edvar", "activo": 1, "estado": 4}}, {"pk": 37, "model": "anarapp.municipio", "fields": {"nombre": "Camatagua", "activo": 1, "estado": 4}}, {"pk": 39, "model": "anarapp.municipio", "fields": {"nombre": "Girardot", "activo": 1, "estado": 4}}, {"pk": 40, "model": "anarapp.municipio", "fields": {"nombre": "Jos\u00e9 \u00c1ngel Lamas", "activo": 1, "estado": 4}}, {"pk": 41, "model": "anarapp.municipio", "fields": {"nombre": "Jos\u00e9 F\u00e9lix Ribas", "activo": 1, "estado": 4}}, {"pk": 42, "model": "anarapp.municipio", "fields": {"nombre": "Jos\u00e9 Rafael Revenga", "activo": 1, "estado": 4}}, {"pk": 43, "model": "anarapp.municipio", "fields": {"nombre": "Libertador", "activo": 1, "estado": 4}}, {"pk": 44, "model": "anarapp.municipio", "fields": {"nombre": "Mario Brice\u00f1o Iragorry", "activo": 1, "estado": 4}}, {"pk": 45, "model": "anarapp.municipio", "fields": {"nombre": "Ocumare de la Costa de Oro", "activo": 1, "estado": 4}}, {"pk": 46, "model": "anarapp.municipio", "fields": {"nombre": "San Casimiro", "activo": 1, "estado": 4}}, {"pk": 47, "model": "anarapp.municipio", "fields": {"nombre": "San Sebasti\u00e1n", "activo": 1, "estado": 4}}, {"pk": 48, "model": "anarapp.municipio", "fields": {"nombre": "Santiago Mari\u00f1o", "activo": 1, "estado": 4}}, {"pk": 49, "model": "anarapp.municipio", "fields": {"nombre": "Santos Michelena", "activo": 1, "estado": 4}}, {"pk": 50, "model": "anarapp.municipio", "fields": {"nombre": "Sucre", "activo": 1, "estado": 4}}, {"pk": 51, "model": "anarapp.municipio", "fields": {"nombre": "Tovar", "activo": 1, "estado": 4}}, {"pk": 52, "model": "anarapp.municipio", "fields": {"nombre": "Urdaneta", "activo": 1, "estado": 4}}, {"pk": 53, "model": "anarapp.municipio", "fields": {"nombre": "Zamora", "activo": 1, "estado": 4}}, {"pk": 54, "model": "anarapp.municipio", "fields": {"nombre": "Alberto Arvelo Torrealba", "activo": 1, "estado": 5}}, {"pk": 55, "model": "anarapp.municipio", "fields": {"nombre": "Andr\u00e9s Eloy Blanco", "activo": 1, "estado": 5}}, {"pk": 56, "model": "anarapp.municipio", "fields": {"nombre": "Antonio Jos\u00e9 de Sucre", "activo": 1, "estado": 5}}, {"pk": 57, "model": "anarapp.municipio", "fields": {"nombre": "Arismendi", "activo": 1, "estado": 5}}, {"pk": 58, "model": "anarapp.municipio", "fields": {"nombre": "Barinas", "activo": 1, "estado": 5}}, {"pk": 59, "model": "anarapp.municipio", "fields": {"nombre": "Bol\u00edvar", "activo": 1, "estado": 5}}, {"pk": 60, "model": "anarapp.municipio", "fields": {"nombre": "Cruz Paredes", "activo": 1, "estado": 5}}, {"pk": 61, "model": "anarapp.municipio", "fields": {"nombre": "Ezequiel Zamora", "activo": 1, "estado": 5}}, {"pk": 62, "model": "anarapp.municipio", "fields": {"nombre": "Obispos", "activo": 1, "estado": 5}}, {"pk": 63, "model": "anarapp.municipio", "fields": {"nombre": "Pedraza", "activo": 1, "estado": 5}}, {"pk": 64, "model": "anarapp.municipio", "fields": {"nombre": "Rojas", "activo": 1, "estado": 5}}, {"pk": 65, "model": "anarapp.municipio", "fields": {"nombre": "Sosa", "activo": 1, "estado": 5}}, {"pk": 66, "model": "anarapp.municipio", "fields": {"nombre": "Caron\u00ed", "activo": 1, "estado": 6}}, {"pk": 67, "model": "anarapp.municipio", "fields": {"nombre": "Cede\u00f1o", "activo": 1, "estado": 6}}, {"pk": 68, "model": "anarapp.municipio", "fields": {"nombre": "El Callao", "activo": 1, "estado": 6}}, {"pk": 69, "model": "anarapp.municipio", "fields": {"nombre": "Gran Sabana", "activo": 1, "estado": 6}}, {"pk": 70, "model": "anarapp.municipio", "fields": {"nombre": "Heres", "activo": 1, "estado": 6}}, {"pk": 71, "model": "anarapp.municipio", "fields": {"nombre": "Padre Pedro Chien", "activo": 1, "estado": 6}}, {"pk": 72, "model": "anarapp.municipio", "fields": {"nombre": "Piar", "activo": 1, "estado": 6}}, {"pk": 73, "model": "anarapp.municipio", "fields": {"nombre": "Ra\u00fal Leoni", "activo": 1, "estado": 6}}, {"pk": 74, "model": "anarapp.municipio", "fields": {"nombre": "Roscio", "activo": 1, "estado": 6}}, {"pk": 75, "model": "anarapp.municipio", "fields": {"nombre": "Sifontes", "activo": 1, "estado": 6}}, {"pk": 76, "model": "anarapp.municipio", "fields": {"nombre": "Sucre", "activo": 1, "estado": 6}}, {"pk": 77, "model": "anarapp.municipio", "fields": {"nombre": "Bejuma", "activo": 1, "estado": 7}}, {"pk": 78, "model": "anarapp.municipio", "fields": {"nombre": "Carlos Arvelo", "activo": 1, "estado": 7}}, {"pk": 79, "model": "anarapp.municipio", "fields": {"nombre": "Diego Ibarra", "activo": 1, "estado": 7}}, {"pk": 80, "model": "anarapp.municipio", "fields": {"nombre": "Guacara", "activo": 1, "estado": 7}}, {"pk": 81, "model": "anarapp.municipio", "fields": {"nombre": "Juan Jos\u00e9 Mora", "activo": 1, "estado": 7}}, {"pk": 82, "model": "anarapp.municipio", "fields": {"nombre": "Libertador", "activo": 1, "estado": 7}}, {"pk": 83, "model": "anarapp.municipio", "fields": {"nombre": "Los Guayos", "activo": 1, "estado": 7}}, {"pk": 84, "model": "anarapp.municipio", "fields": {"nombre": "Miranda", "activo": 1, "estado": 7}}, {"pk": 85, "model": "anarapp.municipio", "fields": {"nombre": "Montalb\u00e1n", "activo": 1, "estado": 7}}, {"pk": 86, "model": "anarapp.municipio", "fields": {"nombre": "Naguanagua", "activo": 1, "estado": 7}}, {"pk": 87, "model": "anarapp.municipio", "fields": {"nombre": "Puerto Cabello", "activo": 1, "estado": 7}}, {"pk": 88, "model": "anarapp.municipio", "fields": {"nombre": "San Diego", "activo": 1, "estado": 7}}, {"pk": 89, "model": "anarapp.municipio", "fields": {"nombre": "San Joaqu\u00edn", "activo": 1, "estado": 7}}, {"pk": 90, "model": "anarapp.municipio", "fields": {"nombre": "Valencia", "activo": 1, "estado": 7}}, {"pk": 91, "model": "anarapp.municipio", "fields": {"nombre": "Anzo\u00e1tegui", "activo": 1, "estado": 8}}, {"pk": 92, "model": "anarapp.municipio", "fields": {"nombre": "El Pao de San Juan Bautista", "activo": 1, "estado": 8}}, {"pk": 93, "model": "anarapp.municipio", "fields": {"nombre": "Falc\u00f3n", "activo": 1, "estado": 8}}, {"pk": 94, "model": "anarapp.municipio", "fields": {"nombre": "Girardot", "activo": 1, "estado": 8}}, {"pk": 95, "model": "anarapp.municipio", "fields": {"nombre": "Lima Blanco", "activo": 1, "estado": 8}}, {"pk": 96, "model": "anarapp.municipio", "fields": {"nombre": "Ricaurte", "activo": 1, "estado": 8}}, {"pk": 97, "model": "anarapp.municipio", "fields": {"nombre": "R\u00f3mulo Gallegos", "activo": 1, "estado": 8}}, {"pk": 98, "model": "anarapp.municipio", "fields": {"nombre": "San Carlos de Austria", "activo": 1, "estado": 8}}, {"pk": 99, "model": "anarapp.municipio", "fields": {"nombre": "Tinaco", "activo": 1, "estado": 8}}, {"pk": 100, "model": "anarapp.municipio", "fields": {"nombre": "Antonio D\u00edaz", "activo": 1, "estado": 9}}, {"pk": 101, "model": "anarapp.municipio", "fields": {"nombre": "Casacoima", "activo": 1, "estado": 9}}, {"pk": 102, "model": "anarapp.municipio", "fields": {"nombre": "Pedernales", "activo": 1, "estado": 9}}, {"pk": 103, "model": "anarapp.municipio", "fields": {"nombre": "Tucupita", "activo": 1, "estado": 9}}, {"pk": 104, "model": "anarapp.municipio", "fields": {"nombre": "Acosta", "activo": 1, "estado": 10}}, {"pk": 105, "model": "anarapp.municipio", "fields": {"nombre": "Bol\u00edvar", "activo": 1, "estado": 10}}, {"pk": 106, "model": "anarapp.municipio", "fields": {"nombre": "Buchivacoa", "activo": 1, "estado": 10}}, {"pk": 107, "model": "anarapp.municipio", "fields": {"nombre": "Cacique Manaure", "activo": 1, "estado": 10}}, {"pk": 108, "model": "anarapp.municipio", "fields": {"nombre": "Carirubana", "activo": 1, "estado": 10}}, {"pk": 109, "model": "anarapp.municipio", "fields": {"nombre": "Colina", "activo": 1, "estado": 10}}, {"pk": 110, "model": "anarapp.municipio", "fields": {"nombre": "Dabajuro", "activo": 1, "estado": 10}}, {"pk": 111, "model": "anarapp.municipio", "fields": {"nombre": "Democracia", "activo": 1, "estado": 10}}, {"pk": 112, "model": "anarapp.municipio", "fields": {"nombre": "Falc\u00f3n", "activo": 1, "estado": 10}}, {"pk": 113, "model": "anarapp.municipio", "fields": {"nombre": "Federaci\u00f3n", "activo": 1, "estado": 10}}, {"pk": 114, "model": "anarapp.municipio", "fields": {"nombre": "Jacura", "activo": 1, "estado": 10}}, {"pk": 115, "model": "anarapp.municipio", "fields": {"nombre": "Los Taques", "activo": 1, "estado": 10}}, {"pk": 116, "model": "anarapp.municipio", "fields": {"nombre": "Mauroa", "activo": 1, "estado": 10}}, {"pk": 117, "model": "anarapp.municipio", "fields": {"nombre": "Miranda", "activo": 1, "estado": 10}}, {"pk": 118, "model": "anarapp.municipio", "fields": {"nombre": "Monse\u00f1or Iturriza", "activo": 1, "estado": 10}}, {"pk": 119, "model": "anarapp.municipio", "fields": {"nombre": "Palmasola", "activo": 1, "estado": 10}}, {"pk": 120, "model": "anarapp.municipio", "fields": {"nombre": "Petit", "activo": 1, "estado": 10}}, {"pk": 121, "model": "anarapp.municipio", "fields": {"nombre": "P\u00edritu", "activo": 1, "estado": 10}}, {"pk": 122, "model": "anarapp.municipio", "fields": {"nombre": "San Francisco", "activo": 1, "estado": 10}}, {"pk": 123, "model": "anarapp.municipio", "fields": {"nombre": "Silva", "activo": 1, "estado": 10}}, {"pk": 124, "model": "anarapp.municipio", "fields": {"nombre": "Sucre", "activo": 1, "estado": 10}}, {"pk": 125, "model": "anarapp.municipio", "fields": {"nombre": "Toc\u00f3pero", "activo": 1, "estado": 10}}, {"pk": 126, "model": "anarapp.municipio", "fields": {"nombre": "Uni\u00f3n", "activo": 1, "estado": 10}}, {"pk": 127, "model": "anarapp.municipio", "fields": {"nombre": "Urumaco", "activo": 1, "estado": 10}}, {"pk": 128, "model": "anarapp.municipio", "fields": {"nombre": "Zamora", "activo": 1, "estado": 10}}, {"pk": 129, "model": "anarapp.municipio", "fields": {"nombre": "Camagu\u00e1n", "activo": 1, "estado": 11}}, {"pk": 130, "model": "anarapp.municipio", "fields": {"nombre": "Chaguaramas", "activo": 1, "estado": 11}}, {"pk": 131, "model": "anarapp.municipio", "fields": {"nombre": "El Socorro", "activo": 1, "estado": 11}}, {"pk": 132, "model": "anarapp.municipio", "fields": {"nombre": "Francisco de Miranda", "activo": 1, "estado": 11}}, {"pk": 134, "model": "anarapp.municipio", "fields": {"nombre": "Jos\u00e9 Tadeo Monagas", "activo": 1, "estado": 11}}, {"pk": 135, "model": "anarapp.municipio", "fields": {"nombre": "Juan Germ\u00e1n Roscio", "activo": 1, "estado": 11}}, {"pk": 136, "model": "anarapp.municipio", "fields": {"nombre": "Juli\u00e1n Mellado", "activo": 1, "estado": 11}}, {"pk": 137, "model": "anarapp.municipio", "fields": {"nombre": "Las Mercedes", "activo": 1, "estado": 11}}, {"pk": 138, "model": "anarapp.municipio", "fields": {"nombre": "Leonardo Infante", "activo": 1, "estado": 11}}, {"pk": 139, "model": "anarapp.municipio", "fields": {"nombre": "Ortiz", "activo": 1, "estado": 11}}, {"pk": 140, "model": "anarapp.municipio", "fields": {"nombre": "Pedro Zaraza", "activo": 1, "estado": 11}}, {"pk": 141, "model": "anarapp.municipio", "fields": {"nombre": "San Ger\u00f3nimo de Guayabal", "activo": 1, "estado": 11}}, {"pk": 142, "model": "anarapp.municipio", "fields": {"nombre": "San Jos\u00e9 de Guaribe", "activo": 1, "estado": 11}}, {"pk": 143, "model": "anarapp.municipio", "fields": {"nombre": "Santa Mar\u00eda de Ipire", "activo": 1, "estado": 11}}, {"pk": 144, "model": "anarapp.municipio", "fields": {"nombre": "Andr\u00e9s Eloy Blanco", "activo": 1, "estado": 12}}, {"pk": 145, "model": "anarapp.municipio", "fields": {"nombre": "Crespo", "activo": 1, "estado": 12}}, {"pk": 146, "model": "anarapp.municipio", "fields": {"nombre": "Iribarren", "activo": 1, "estado": 12}}, {"pk": 147, "model": "anarapp.municipio", "fields": {"nombre": "Jim\u00e9nez", "activo": 1, "estado": 12}}, {"pk": 148, "model": "anarapp.municipio", "fields": {"nombre": "Mor\u00e1n", "activo": 1, "estado": 12}}, {"pk": 149, "model": "anarapp.municipio", "fields": {"nombre": "Palavecino", "activo": 1, "estado": 12}}, {"pk": 150, "model": "anarapp.municipio", "fields": {"nombre": "Sim\u00f3n Planas", "activo": 1, "estado": 12}}, {"pk": 151, "model": "anarapp.municipio", "fields": {"nombre": "Torres", "activo": 1, "estado": 12}}, {"pk": 152, "model": "anarapp.municipio", "fields": {"nombre": "Urdaneta", "activo": 1, "estado": 12}}, {"pk": 153, "model": "anarapp.municipio", "fields": {"nombre": "Alberto Adriani", "activo": 1, "estado": 13}}, {"pk": 154, "model": "anarapp.municipio", "fields": {"nombre": "Andr\u00e9s Bello", "activo": 1, "estado": 13}}, {"pk": 155, "model": "anarapp.municipio", "fields": {"nombre": "Antonio Pinto Salinas", "activo": 1, "estado": 13}}, {"pk": 156, "model": "anarapp.municipio", "fields": {"nombre": "Aricagua", "activo": 1, "estado": 13}}, {"pk": 157, "model": "anarapp.municipio", "fields": {"nombre": "Arzobispo chac\u00f3n", "activo": 1, "estado": 13}}, {"pk": 158, "model": "anarapp.municipio", "fields": {"nombre": "Campo El\u00edas", "activo": 1, "estado": 13}}, {"pk": 159, "model": "anarapp.municipio", "fields": {"nombre": "Caracciolo Parra Olmedo", "activo": 1, "estado": 13}}, {"pk": 160, "model": "anarapp.municipio", "fields": {"nombre": "Cardenal Quintero", "activo": 1, "estado": 13}}, {"pk": 161, "model": "anarapp.municipio", "fields": {"nombre": "Guaraque", "activo": 1, "estado": 13}}, {"pk": 162, "model": "anarapp.municipio", "fields": {"nombre": "Julio C\u00e9sar Salas", "activo": 1, "estado": 13}}, {"pk": 164, "model": "anarapp.municipio", "fields": {"nombre": "Libertador", "activo": 1, "estado": 13}}, {"pk": 165, "model": "anarapp.municipio", "fields": {"nombre": "Miranda", "activo": 1, "estado": 13}}, {"pk": 166, "model": "anarapp.municipio", "fields": {"nombre": "Obispo Ramos de Lora", "activo": 1, "estado": 13}}, {"pk": 167, "model": "anarapp.municipio", "fields": {"nombre": "Padre Noguera", "activo": 1, "estado": 13}}, {"pk": 168, "model": "anarapp.municipio", "fields": {"nombre": "Pueblo Llano", "activo": 1, "estado": 13}}, {"pk": 169, "model": "anarapp.municipio", "fields": {"nombre": "Rangel", "activo": 1, "estado": 13}}, {"pk": 170, "model": "anarapp.municipio", "fields": {"nombre": "Rivas D\u00e1vila", "activo": 1, "estado": 13}}, {"pk": 171, "model": "anarapp.municipio", "fields": {"nombre": "Santos Marquina", "activo": 1, "estado": 13}}, {"pk": 172, "model": "anarapp.municipio", "fields": {"nombre": "Sucre", "activo": 1, "estado": 13}}, {"pk": 173, "model": "anarapp.municipio", "fields": {"nombre": "Tovar", "activo": 1, "estado": 13}}, {"pk": 174, "model": "anarapp.municipio", "fields": {"nombre": "Tulio Febres Cordero", "activo": 1, "estado": 13}}, {"pk": 175, "model": "anarapp.municipio", "fields": {"nombre": "Zea", "activo": 1, "estado": 13}}, {"pk": 176, "model": "anarapp.municipio", "fields": {"nombre": "Acevedo", "activo": 1, "estado": 14}}, {"pk": 177, "model": "anarapp.municipio", "fields": {"nombre": "Andr\u00e9s Bello", "activo": 1, "estado": 14}}, {"pk": 178, "model": "anarapp.municipio", "fields": {"nombre": "Baruta", "activo": 1, "estado": 14}}, {"pk": 179, "model": "anarapp.municipio", "fields": {"nombre": "Bri\u00f3n", "activo": 1, "estado": 14}}, {"pk": 181, "model": "anarapp.municipio", "fields": {"nombre": "Carrizal", "activo": 1, "estado": 14}}, {"pk": 182, "model": "anarapp.municipio", "fields": {"nombre": "Chacao", "activo": 1, "estado": 14}}, {"pk": 183, "model": "anarapp.municipio", "fields": {"nombre": "Crist\u00f3bal Rojas", "activo": 1, "estado": 14}}, {"pk": 184, "model": "anarapp.municipio", "fields": {"nombre": "El Hatillo", "activo": 1, "estado": 14}}, {"pk": 185, "model": "anarapp.municipio", "fields": {"nombre": "Guaicaipuro", "activo": 1, "estado": 14}}, {"pk": 186, "model": "anarapp.municipio", "fields": {"nombre": "Independencia", "activo": 1, "estado": 14}}, {"pk": 187, "model": "anarapp.municipio", "fields": {"nombre": "Lander", "activo": 1, "estado": 14}}, {"pk": 188, "model": "anarapp.municipio", "fields": {"nombre": "Los Salias", "activo": 1, "estado": 14}}, {"pk": 189, "model": "anarapp.municipio", "fields": {"nombre": "P\u00e1ez", "activo": 1, "estado": 14}}, {"pk": 190, "model": "anarapp.municipio", "fields": {"nombre": "Paz Castillo", "activo": 1, "estado": 14}}, {"pk": 191, "model": "anarapp.municipio", "fields": {"nombre": "Pedro Gual", "activo": 1, "estado": 14}}, {"pk": 192, "model": "anarapp.municipio", "fields": {"nombre": "Plaza", "activo": 1, "estado": 14}}, {"pk": 194, "model": "anarapp.municipio", "fields": {"nombre": "Sucre", "activo": 1, "estado": 14}}, {"pk": 195, "model": "anarapp.municipio", "fields": {"nombre": "Urdaneta", "activo": 1, "estado": 14}}, {"pk": 196, "model": "anarapp.municipio", "fields": {"nombre": "Zamora", "activo": 1, "estado": 14}}, {"pk": 197, "model": "anarapp.municipio", "fields": {"nombre": "Acosta", "activo": 1, "estado": 15}}, {"pk": 198, "model": "anarapp.municipio", "fields": {"nombre": "Aguasay", "activo": 1, "estado": 15}}, {"pk": 199, "model": "anarapp.municipio", "fields": {"nombre": "Bol\u00edvar", "activo": 1, "estado": 15}}, {"pk": 200, "model": "anarapp.municipio", "fields": {"nombre": "Caripe", "activo": 1, "estado": 15}}, {"pk": 201, "model": "anarapp.municipio", "fields": {"nombre": "Cede\u00f1o", "activo": 1, "estado": 15}}, {"pk": 202, "model": "anarapp.municipio", "fields": {"nombre": "Ezequiel Zamora", "activo": 1, "estado": 15}}, {"pk": 203, "model": "anarapp.municipio", "fields": {"nombre": "Libertador", "activo": 1, "estado": 15}}, {"pk": 204, "model": "anarapp.municipio", "fields": {"nombre": "Matur\u00edn", "activo": 1, "estado": 15}}, {"pk": 205, "model": "anarapp.municipio", "fields": {"nombre": "Piar", "activo": 1, "estado": 15}}, {"pk": 206, "model": "anarapp.municipio", "fields": {"nombre": "Punceres", "activo": 1, "estado": 15}}, {"pk": 207, "model": "anarapp.municipio", "fields": {"nombre": "Santa B\u00e1rbara", "activo": 1, "estado": 15}}, {"pk": 208, "model": "anarapp.municipio", "fields": {"nombre": "Sotillo", "activo": 1, "estado": 15}}, {"pk": 209, "model": "anarapp.municipio", "fields": {"nombre": "Uracoa", "activo": 1, "estado": 15}}, {"pk": 211, "model": "anarapp.municipio", "fields": {"nombre": "Arismendi", "activo": 1, "estado": 16}}, {"pk": 212, "model": "anarapp.municipio", "fields": {"nombre": "D\u00edaz", "activo": 1, "estado": 16}}, {"pk": 213, "model": "anarapp.municipio", "fields": {"nombre": "Garc\u00eda", "activo": 1, "estado": 16}}, {"pk": 214, "model": "anarapp.municipio", "fields": {"nombre": "G\u00f3mez", "activo": 1, "estado": 16}}, {"pk": 215, "model": "anarapp.municipio", "fields": {"nombre": "Maneiro", "activo": 1, "estado": 16}}, {"pk": 216, "model": "anarapp.municipio", "fields": {"nombre": "Marcano", "activo": 1, "estado": 16}}, {"pk": 217, "model": "anarapp.municipio", "fields": {"nombre": "Mari\u00f1o", "activo": 1, "estado": 16}}, {"pk": 218, "model": "anarapp.municipio", "fields": {"nombre": "Pen\u00ednsula de Macanao", "activo": 1, "estado": 16}}, {"pk": 219, "model": "anarapp.municipio", "fields": {"nombre": "Tubores", "activo": 1, "estado": 16}}, {"pk": 220, "model": "anarapp.municipio", "fields": {"nombre": "Villalba", "activo": 1, "estado": 16}}, {"pk": 221, "model": "anarapp.municipio", "fields": {"nombre": "Agua Blanca", "activo": 1, "estado": 17}}, {"pk": 222, "model": "anarapp.municipio", "fields": {"nombre": "Araure", "activo": 1, "estado": 17}}, {"pk": 223, "model": "anarapp.municipio", "fields": {"nombre": "Esteller", "activo": 1, "estado": 17}}, {"pk": 224, "model": "anarapp.municipio", "fields": {"nombre": "Guanare", "activo": 1, "estado": 17}}, {"pk": 225, "model": "anarapp.municipio", "fields": {"nombre": "Guanarito", "activo": 1, "estado": 17}}, {"pk": 226, "model": "anarapp.municipio", "fields": {"nombre": "Monse\u00f1or Jos\u00e9 Vicente de Unda", "activo": 1, "estado": 17}}, {"pk": 227, "model": "anarapp.municipio", "fields": {"nombre": "Ospino", "activo": 1, "estado": 17}}, {"pk": 228, "model": "anarapp.municipio", "fields": {"nombre": "P\u00e1ez", "activo": 1, "estado": 17}}, {"pk": 229, "model": "anarapp.municipio", "fields": {"nombre": "Papel\u00f3n", "activo": 1, "estado": 17}}, {"pk": 230, "model": "anarapp.municipio", "fields": {"nombre": "San Genaro de Boconoito", "activo": 1, "estado": 17}}, {"pk": 231, "model": "anarapp.municipio", "fields": {"nombre": "San Rafael de Onoto", "activo": 1, "estado": 17}}, {"pk": 232, "model": "anarapp.municipio", "fields": {"nombre": "Santa Rosal\u00eda", "activo": 1, "estado": 17}}, {"pk": 233, "model": "anarapp.municipio", "fields": {"nombre": "Sucre", "activo": 1, "estado": 17}}, {"pk": 234, "model": "anarapp.municipio", "fields": {"nombre": "Tur\u00e9n", "activo": 1, "estado": 17}}, {"pk": 235, "model": "anarapp.municipio", "fields": {"nombre": "Andr\u00e9s Eloy Blanco", "activo": 1, "estado": 18}}, {"pk": 236, "model": "anarapp.municipio", "fields": {"nombre": "Andr\u00e9s Mata", "activo": 1, "estado": 18}}, {"pk": 237, "model": "anarapp.municipio", "fields": {"nombre": "Arismendi", "activo": 1, "estado": 18}}, {"pk": 238, "model": "anarapp.municipio", "fields": {"nombre": "Ben\u00edtez", "activo": 1, "estado": 18}}, {"pk": 239, "model": "anarapp.municipio", "fields": {"nombre": "Berm\u00fadez", "activo": 1, "estado": 18}}, {"pk": 240, "model": "anarapp.municipio", "fields": {"nombre": "Bol\u00edvar", "activo": 1, "estado": 18}}, {"pk": 241, "model": "anarapp.municipio", "fields": {"nombre": "Cajigal", "activo": 1, "estado": 18}}, {"pk": 242, "model": "anarapp.municipio", "fields": {"nombre": "Cruz Salmer\u00f3n Acosta", "activo": 1, "estado": 18}}, {"pk": 243, "model": "anarapp.municipio", "fields": {"nombre": "Libertador", "activo": 1, "estado": 18}}, {"pk": 244, "model": "anarapp.municipio", "fields": {"nombre": "Mari\u00f1o", "activo": 1, "estado": 18}}, {"pk": 245, "model": "anarapp.municipio", "fields": {"nombre": "Mej\u00eda", "activo": 1, "estado": 18}}, {"pk": 246, "model": "anarapp.municipio", "fields": {"nombre": "Montes", "activo": 1, "estado": 18}}, {"pk": 247, "model": "anarapp.municipio", "fields": {"nombre": "Ribero", "activo": 1, "estado": 18}}, {"pk": 248, "model": "anarapp.municipio", "fields": {"nombre": "Sucre", "activo": 1, "estado": 18}}, {"pk": 249, "model": "anarapp.municipio", "fields": {"nombre": "Valdez", "activo": 1, "estado": 18}}, {"pk": 250, "model": "anarapp.municipio", "fields": {"nombre": "Andr\u00e9s Bello", "activo": 1, "estado": 19}}, {"pk": 251, "model": "anarapp.municipio", "fields": {"nombre": "Antonio R\u00f3mulo Costa", "activo": 1, "estado": 19}}, {"pk": 252, "model": "anarapp.municipio", "fields": {"nombre": "Ayacucho", "activo": 1, "estado": 19}}, {"pk": 253, "model": "anarapp.municipio", "fields": {"nombre": "Bol\u00edvar", "activo": 1, "estado": 19}}, {"pk": 254, "model": "anarapp.municipio", "fields": {"nombre": "C\u00e1rdenas", "activo": 1, "estado": 19}}, {"pk": 255, "model": "anarapp.municipio", "fields": {"nombre": "C\u00f3rdoba", "activo": 1, "estado": 19}}, {"pk": 256, "model": "anarapp.municipio", "fields": {"nombre": "Fern\u00e1ndez Feo", "activo": 1, "estado": 19}}, {"pk": 257, "model": "anarapp.municipio", "fields": {"nombre": "Francisco de Miranda", "activo": 1, "estado": 19}}, {"pk": 258, "model": "anarapp.municipio", "fields": {"nombre": "Garc\u00eda de Hevia", "activo": 1, "estado": 19}}, {"pk": 259, "model": "anarapp.municipio", "fields": {"nombre": "Guasimos", "activo": 1, "estado": 19}}, {"pk": 260, "model": "anarapp.municipio", "fields": {"nombre": "Independencia", "activo": 1, "estado": 19}}, {"pk": 261, "model": "anarapp.municipio", "fields": {"nombre": "J\u00e1uregui", "activo": 1, "estado": 19}}, {"pk": 262, "model": "anarapp.municipio", "fields": {"nombre": "Jose Mar\u00eda Vargas", "activo": 1, "estado": 19}}, {"pk": 263, "model": "anarapp.municipio", "fields": {"nombre": "Jun\u00edn", "activo": 1, "estado": 19}}, {"pk": 264, "model": "anarapp.municipio", "fields": {"nombre": "Libertad", "activo": 1, "estado": 19}}, {"pk": 265, "model": "anarapp.municipio", "fields": {"nombre": "Libertador", "activo": 1, "estado": 19}}, {"pk": 266, "model": "anarapp.municipio", "fields": {"nombre": "Lobatera", "activo": 1, "estado": 19}}, {"pk": 267, "model": "anarapp.municipio", "fields": {"nombre": "Michelena", "activo": 1, "estado": 19}}, {"pk": 1, "model": "anarapp.municipio", "fields": {"nombre": "Alto Orinoco", "activo": 1, "estado": 1}}, {"pk": 10, "model": "anarapp.municipio", "fields": {"nombre": "Diego Bautista Urbaneja", "activo": 1, "estado": 2}}, {"pk": 27, "model": "anarapp.municipio", "fields": {"nombre": "Sim\u00f3n Rodr\u00edguez", "activo": 1, "estado": 2}}, {"pk": 38, "model": "anarapp.municipio", "fields": {"nombre": "Francisco Linares Alc\u00e1ntara", "activo": 1, "estado": 4}}, {"pk": 133, "model": "anarapp.municipio", "fields": {"nombre": "Jos\u00e9 F\u00e9lix Ribas", "activo": 1, "estado": 11}}, {"pk": 163, "model": "anarapp.municipio", "fields": {"nombre": "Justo Brice\u00f1o", "activo": 1, "estado": 13}}, {"pk": 180, "model": "anarapp.municipio", "fields": {"nombre": "Buroz", "activo": 1, "estado": 14}}, {"pk": 193, "model": "anarapp.municipio", "fields": {"nombre": "Sim\u00f3n Bol\u00edvar", "activo": 1, "estado": 14}}, {"pk": 210, "model": "anarapp.municipio", "fields": {"nombre": "Antol\u00edn del Campo", "activo": 1, "estado": 16}}, {"pk": 268, "model": "anarapp.municipio", "fields": {"nombre": "Panamericano", "activo": 1, "estado": 19}}, {"pk": 269, "model": "anarapp.municipio", "fields": {"nombre": "Pedro Mar\u00eda Ure\u00f1a", "activo": 1, "estado": 19}}, {"pk": 270, "model": "anarapp.municipio", "fields": {"nombre": "Rafael Urdaneta", "activo": 1, "estado": 19}}, {"pk": 271, "model": "anarapp.municipio", "fields": {"nombre": "Samuel Dar\u00edo Maldonado", "activo": 1, "estado": 19}}, {"pk": 272, "model": "anarapp.municipio", "fields": {"nombre": "San Crist\u00f3bal", "activo": 1, "estado": 19}}, {"pk": 273, "model": "anarapp.municipio", "fields": {"nombre": "San Judas Tadeo", "activo": 1, "estado": 19}}, {"pk": 274, "model": "anarapp.municipio", "fields": {"nombre": "Seboruco", "activo": 1, "estado": 19}}, {"pk": 275, "model": "anarapp.municipio", "fields": {"nombre": "Sim\u00f3n Rodr\u00edguez", "activo": 1, "estado": 19}}, {"pk": 276, "model": "anarapp.municipio", "fields": {"nombre": "Sucre", "activo": 1, "estado": 19}}, {"pk": 277, "model": "anarapp.municipio", "fields": {"nombre": "Torbes", "activo": 1, "estado": 19}}, {"pk": 278, "model": "anarapp.municipio", "fields": {"nombre": "Uribante", "activo": 1, "estado": 19}}, {"pk": 279, "model": "anarapp.municipio", "fields": {"nombre": "Andr\u00e9s Bello", "activo": 1, "estado": 20}}, {"pk": 280, "model": "anarapp.municipio", "fields": {"nombre": "Bocon\u00f3", "activo": 1, "estado": 20}}, {"pk": 281, "model": "anarapp.municipio", "fields": {"nombre": "Bol\u00edvar", "activo": 1, "estado": 20}}, {"pk": 282, "model": "anarapp.municipio", "fields": {"nombre": "Candelaria", "activo": 1, "estado": 20}}, {"pk": 283, "model": "anarapp.municipio", "fields": {"nombre": "Carache", "activo": 1, "estado": 20}}, {"pk": 284, "model": "anarapp.municipio", "fields": {"nombre": "Escuque", "activo": 1, "estado": 20}}, {"pk": 285, "model": "anarapp.municipio", "fields": {"nombre": "Jos\u00e9 Felipe M\u00e1rquez Ca\u00f1izales", "activo": 1, "estado": 20}}, {"pk": 286, "model": "anarapp.municipio", "fields": {"nombre": "Jos\u00e9 Vicente campo El\u00edas", "activo": 1, "estado": 20}}, {"pk": 287, "model": "anarapp.municipio", "fields": {"nombre": "La Ceiba", "activo": 1, "estado": 20}}, {"pk": 288, "model": "anarapp.municipio", "fields": {"nombre": "miranda", "activo": 1, "estado": 20}}, {"pk": 289, "model": "anarapp.municipio", "fields": {"nombre": "Monte Carmelo", "activo": 1, "estado": 20}}, {"pk": 290, "model": "anarapp.municipio", "fields": {"nombre": "Motat\u00e1n", "activo": 1, "estado": 20}}, {"pk": 291, "model": "anarapp.municipio", "fields": {"nombre": "Pamp\u00e1n", "activo": 1, "estado": 20}}, {"pk": 292, "model": "anarapp.municipio", "fields": {"nombre": "Pampanito", "activo": 1, "estado": 20}}, {"pk": 293, "model": "anarapp.municipio", "fields": {"nombre": "Rafael Rangel", "activo": 1, "estado": 20}}, {"pk": 294, "model": "anarapp.municipio", "fields": {"nombre": "San Rafael de Carvajal", "activo": 1, "estado": 20}}, {"pk": 295, "model": "anarapp.municipio", "fields": {"nombre": "Sucre", "activo": 1, "estado": 20}}, {"pk": 296, "model": "anarapp.municipio", "fields": {"nombre": "Trujillo", "activo": 1, "estado": 20}}, {"pk": 297, "model": "anarapp.municipio", "fields": {"nombre": "Urdaneta", "activo": 1, "estado": 20}}, {"pk": 298, "model": "anarapp.municipio", "fields": {"nombre": "Valera", "activo": 1, "estado": 20}}, {"pk": 299, "model": "anarapp.municipio", "fields": {"nombre": "Vargas", "activo": 1, "estado": 21}}, {"pk": 300, "model": "anarapp.municipio", "fields": {"nombre": "Ar\u00edstides Bastidas", "activo": 1, "estado": 22}}, {"pk": 301, "model": "anarapp.municipio", "fields": {"nombre": "Bol\u00edvar", "activo": 1, "estado": 22}}, {"pk": 302, "model": "anarapp.municipio", "fields": {"nombre": "Bruzual", "activo": 1, "estado": 22}}, {"pk": 303, "model": "anarapp.municipio", "fields": {"nombre": "Cocorote", "activo": 1, "estado": 22}}, {"pk": 304, "model": "anarapp.municipio", "fields": {"nombre": "Independencia", "activo": 1, "estado": 22}}, {"pk": 305, "model": "anarapp.municipio", "fields": {"nombre": "Jose Antonio P\u00e1ez", "activo": 1, "estado": 22}}, {"pk": 306, "model": "anarapp.municipio", "fields": {"nombre": "La Trinidad", "activo": 1, "estado": 22}}, {"pk": 307, "model": "anarapp.municipio", "fields": {"nombre": "Manuel Monge", "activo": 1, "estado": 22}}, {"pk": 308, "model": "anarapp.municipio", "fields": {"nombre": "Nirgua", "activo": 1, "estado": 22}}, {"pk": 309, "model": "anarapp.municipio", "fields": {"nombre": "Pe\u00f1a", "activo": 1, "estado": 22}}, {"pk": 310, "model": "anarapp.municipio", "fields": {"nombre": "San Felipe", "activo": 1, "estado": 22}}, {"pk": 311, "model": "anarapp.municipio", "fields": {"nombre": "Sucre", "activo": 1, "estado": 22}}, {"pk": 312, "model": "anarapp.municipio", "fields": {"nombre": "Urachiche", "activo": 1, "estado": 22}}, {"pk": 313, "model": "anarapp.municipio", "fields": {"nombre": "Veroes", "activo": 1, "estado": 22}}, {"pk": 314, "model": "anarapp.municipio", "fields": {"nombre": "Almirante Padilla", "activo": 1, "estado": 23}}, {"pk": 315, "model": "anarapp.municipio", "fields": {"nombre": "Baralt", "activo": 1, "estado": 23}}, {"pk": 316, "model": "anarapp.municipio", "fields": {"nombre": "Cabimas", "activo": 1, "estado": 23}}, {"pk": 317, "model": "anarapp.municipio", "fields": {"nombre": "Catatumbo", "activo": 1, "estado": 23}}, {"pk": 318, "model": "anarapp.municipio", "fields": {"nombre": "Col\u00f3n", "activo": 1, "estado": 23}}, {"pk": 319, "model": "anarapp.municipio", "fields": {"nombre": "Francisco Javier Pulgar", "activo": 1, "estado": 23}}, {"pk": 320, "model": "anarapp.municipio", "fields": {"nombre": "Jes\u00fas Enrique Lossada", "activo": 1, "estado": 23}}, {"pk": 321, "model": "anarapp.municipio", "fields": {"nombre": "Jes\u00fas Mar\u00eda Sempr\u00fan", "activo": 1, "estado": 23}}, {"pk": 322, "model": "anarapp.municipio", "fields": {"nombre": "La Ca\u00f1ada de Urdaneta", "activo": 1, "estado": 23}}, {"pk": 323, "model": "anarapp.municipio", "fields": {"nombre": "Lagunillas", "activo": 1, "estado": 23}}, {"pk": 324, "model": "anarapp.municipio", "fields": {"nombre": "Machiques de Perij\u00e1", "activo": 1, "estado": 23}}, {"pk": 325, "model": "anarapp.municipio", "fields": {"nombre": "Mara", "activo": 1, "estado": 23}}, {"pk": 326, "model": "anarapp.municipio", "fields": {"nombre": "Maracaibo", "activo": 1, "estado": 23}}, {"pk": 327, "model": "anarapp.municipio", "fields": {"nombre": "Miranda", "activo": 1, "estado": 23}}, {"pk": 328, "model": "anarapp.municipio", "fields": {"nombre": "P\u00e1ez", "activo": 1, "estado": 23}}, {"pk": 329, "model": "anarapp.municipio", "fields": {"nombre": "Rosario de Perij\u00e1", "activo": 1, "estado": 23}}, {"pk": 330, "model": "anarapp.municipio", "fields": {"nombre": "San Francisco", "activo": 1, "estado": 23}}, {"pk": 331, "model": "anarapp.municipio", "fields": {"nombre": "Santa Rita", "activo": 1, "estado": 23}}, {"pk": 332, "model": "anarapp.municipio", "fields": {"nombre": "Sim\u00f3n Bol\u00edvar", "activo": 1, "estado": 23}}, {"pk": 333, "model": "anarapp.municipio", "fields": {"nombre": "Sucre", "activo": 1, "estado": 23}}, {"pk": 334, "model": "anarapp.municipio", "fields": {"nombre": "Valmore Rodr\u00edguez", "activo": 1, "estado": 23}}, {"pk": 335, "model": "anarapp.municipio", "fields": {"nombre": "Libertador", "activo": 1, "estado": 24}}, {"pk": 4, "model": "anarapp.yacimiento", "fields": {"pais": "Venezuela", "codigo": "50", "estado": 6, "municipio": 67, "nombre": "CUEVA SUSUDE INAVA, La Casa de Piedra; El Carmen, Casa de Piedra Norte, Tiger Cave"}}, {"pk": 5, "model": "anarapp.yacimiento", "fields": {"pais": "Venezuela", "codigo": "3", "estado": 6, "municipio": 66, "nombre": "CUEVA de EL ELEFANTE"}}, {"pk": 6, "model": "anarapp.yacimiento", "fields": {"pais": "Venezuela", "codigo": "444", "estado": 6, "municipio": 67, "nombre": "CUEVA CA\u00d1O ORE, Cueva del Cham\u00e1n, White Shaman Cave"}}, {"pk": 3, "model": "anarapp.yacimiento", "fields": {"pais": "Venezuela", "codigo": "327", "estado": 6, "municipio": 67, "nombre": "CUEVA IGLESIA, Cueva del Cerro Iglesias, Cueva Mapoyo"}}, {"pk": 7, "model": "anarapp.yacimiento", "fields": {"pais": "Venezuela", "codigo": "51", "estado": 7, "municipio": 77, "nombre": "LA RUEDA DEL INDIO"}}, {"pk": 30, "model": "anarapp.yacimiento", "fields": {"pais": "Venezuela", "codigo": "1234", "estado": 5, "municipio": 54, "nombre": ""}}, {"pk": 2, "model": "anarapp.localidadyacimiento", "fields": {"esIndigena": true, "esUrbano": false, "nombrePoblado": "Piedras Blancas ", "esRural": false, "nombreNoPoblado": "", "esCentroPoblado": false, "yacimiento": 3, "esCentroNoPoblado": true}}, {"pk": 3, "model": "anarapp.localidadyacimiento", "fields": {"esIndigena": false, "esUrbano": false, "nombrePoblado": "", "esRural": false, "nombreNoPoblado": "", "esCentroPoblado": false, "yacimiento": 4, "esCentroNoPoblado": true}}, {"pk": 4, "model": "anarapp.localidadyacimiento", "fields": {"esIndigena": false, "esUrbano": false, "nombrePoblado": "", "esRural": false, "nombreNoPoblado": "Hacienda   Cantarranas    (seg\u00fan Rafael Delgado es \u201cMatarranas\u201d)", "esCentroPoblado": false, "yacimiento": 5, "esCentroNoPoblado": true}}, {"pk": 5, "model": "anarapp.localidadyacimiento", "fields": {"esIndigena": false, "esUrbano": false, "nombrePoblado": "", "esRural": false, "nombreNoPoblado": "", "esCentroPoblado": false, "yacimiento": 6, "esCentroNoPoblado": true}}, {"pk": 6, "model": "anarapp.localidadyacimiento", "fields": {"esIndigena": false, "esUrbano": false, "nombrePoblado": "Lisandro Alvarado que dice que \"chirgua\" es el nombre de una vasija de barro usada para transportar agua.", "esRural": true, "nombreNoPoblado": "", "esCentroPoblado": false, "yacimiento": 7, "esCentroNoPoblado": false}}, {"pk": 7, "model": "anarapp.localidadyacimiento", "fields": {"esIndigena": false, "esUrbano": false, "nombrePoblado": "", "esRural": false, "nombreNoPoblado": "", "esCentroPoblado": true, "yacimiento": 30, "esCentroNoPoblado": false}}, {"pk": 2, "model": "anarapp.usoactsuelo", "fields": {"esSueloUrbano": false, "esAgriTemp": false, "esSueloTuristico": true, "esGanadero": false, "esForestal": false, "esAgriRiesgo": false, "yacimiento": 3}}, {"pk": 3, "model": "anarapp.usoactsuelo", "fields": {"esSueloUrbano": false, "esAgriTemp": false, "esSueloTuristico": false, "esGanadero": false, "esForestal": true, "esAgriRiesgo": false, "yacimiento": 5}}, {"pk": 4, "model": "anarapp.usoactsuelo", "fields": {"esSueloUrbano": false, "esAgriTemp": true, "esSueloTuristico": false, "esGanadero": false, "esForestal": true, "esAgriRiesgo": false, "yacimiento": 7}}, {"pk": 2, "model": "anarapp.tenenciadetierra", "fields": {"esPrivada": false, "esEjido": false, "esABRAE": false, "esTenenciaOtros": "", "esComunal": true, "esMunicipal": true, "yacimiento": 3}}, {"pk": 3, "model": "anarapp.tenenciadetierra", "fields": {"esPrivada": true, "esEjido": false, "esABRAE": false, "esTenenciaOtros": "", "esComunal": false, "esMunicipal": false, "yacimiento": 5}}, {"pk": 4, "model": "anarapp.tenenciadetierra", "fields": {"esPrivada": false, "esEjido": false, "esABRAE": false, "esTenenciaOtros": "", "esComunal": false, "esMunicipal": true, "yacimiento": 7}}, {"pk": 2, "model": "anarapp.indicaciones", "fields": {"yacimiento": 3, "direcciones": "Orilla derecha del bajo Parguaza. Noreste de Tierra Blanca, cerca de 1,5 horas caminando desde el r\u00edo.", "puntoDatum": "7kms al SES  del Fundo El Carmen"}}, {"pk": 3, "model": "anarapp.indicaciones", "fields": {"yacimiento": 4, "direcciones": "Cerca de Puerto Paez, aguas abajo por el r\u00edo Orinoco, subiendo por el r\u00edo Parguaza , a escasa distancia del cementerio Piaroa de El Carmen", "puntoDatum": ""}}, {"pk": 4, "model": "anarapp.indicaciones", "fields": {"yacimiento": 5, "direcciones": "Terrenos de la hacienda Cantarranas, 90 kms al Sur de Puerto Ordaz, sobre la carretera Guri-Ciudad Bol\u00edvar.     ", "puntoDatum": "Hacienda Cantarranas. La entrada a la cueva se abre sobre una explanada situada sobre la cara oeste del promontorio, desde all\u00ed se ve en la lejan\u00eda el r\u00edo Caron\u00ed"}}, {"pk": 5, "model": "anarapp.indicaciones", "fields": {"yacimiento": 6, "direcciones": "", "puntoDatum": "A 10 km al norte de la Cueva Cementerio Piaroa de El Carmen"}}, {"pk": 6, "model": "anarapp.indicaciones", "fields": {"yacimiento": 7, "direcciones": "Localizado a 60\u00b0 al Noreste del patio de la Hacienda Cariaprima, y a 45\u00b0 al Sureste del Pico del Cerro de Paja.", "puntoDatum": "En la carretera Bejuma - Valencia, en la llamada Curva de La Mona, est\u00e1 la entrada hacia Chirgua, son unos 8 kil\u00f3metros desde dicha curva. La carretera es buena."}}, {"pk": 3, "model": "anarapp.croquis", "fields": {"yacimiento": 3, "archivo": "esquema/2014_04/6_-_Indicaciones_de_llegada_-anexo_1-_1.jpg"}}, {"pk": 4, "model": "anarapp.croquis", "fields": {"yacimiento": 4, "archivo": "esquema/2014_05/50_Susude_Inava.jpg"}}, {"pk": 5, "model": "anarapp.croquis", "fields": {"yacimiento": 4, "archivo": "esquema/2014_05/50_Susude_Inava-_Ubicaci\u00f3n_Geogr\u00e1fica.jpg"}}, {"pk": 6, "model": "anarapp.croquis", "fields": {"yacimiento": 4, "archivo": "esquema/2014_05/50_Susude_Inava_-_Territorios_\u00e9tnicos_actuales.jpg"}}, {"pk": 7, "model": "anarapp.croquis", "fields": {"yacimiento": 5, "archivo": "esquema/2014_05/Anexo_1-Croquis_de_la_Cueva_de_El_Elefante.jpg"}}, {"pk": 8, "model": "anarapp.croquis", "fields": {"yacimiento": 5, "archivo": "esquema/2014_05/Anexo_1.1-Ubicaci\u00f3n_geogr\u00e1fica_de_la_Cueva_de_el_Elefante.jpg"}}, {"pk": 9, "model": "anarapp.croquis", "fields": {"yacimiento": 7, "archivo": "esquema/2014_05/mapa__para_llegar_a_Chirgua.jpg"}}, {"pk": 10, "model": "anarapp.croquis", "fields": {"yacimiento": 7, "archivo": "esquema/2014_05/localizaci\u00f3n_y_medidas_Geoglifo_-Chirgua.jpg"}}, {"pk": 2, "model": "anarapp.plano", "fields": {"yacimiento": 3, "numeroPlano": "Hoja 6734-I-SE (25k), Hoja 6734, Puerto P\u00e1ez, DCN 1/100.000"}}, {"pk": 3, "model": "anarapp.plano", "fields": {"yacimiento": 4, "numeroPlano": "Hoja 6734 - I- SE- Puerto P\u00e1ez, DCN 1/ 100.000"}}, {"pk": 4, "model": "anarapp.plano", "fields": {"yacimiento": 6, "numeroPlano": "Hoja 6734, -I- NE, Puerto P\u00e1ez , DCN 1/100.000"}}, {"pk": 2, "model": "anarapp.coordenadas", "fields": {"latitud": " N 683.500", "utmAdicional": "UTM (en el mapa)", "yacimiento": 3, "longitud": "E 716.750"}}, {"pk": 3, "model": "anarapp.coordenadas", "fields": {"latitud": "6\u00ba13'23'' Lat N", "utmAdicional": "N 688.250; E709.200", "yacimiento": 4, "longitud": "67\u00ba06'37'' Long W"}}, {"pk": 4, "model": "anarapp.coordenadas", "fields": {"latitud": "6\u00ba17'57'' Lat N", "utmAdicional": "N 697.770,  E 710.130 (John Greer), N 696.700, E 709.400 (F. Scaramelli)", "yacimiento": 6, "longitud": "67\u00ba06'25'' Long W"}}, {"pk": 5, "model": "anarapp.coordenadas", "fields": {"latitud": "10\u00b0 15\u2019 44,4\u201d ", "utmAdicional": "1.134.452,0 Norte y 5.909.910,0 Este", "yacimiento": 7, "longitud": "68\u00b0 10\u2019 9.3\u201d  Longitud Oeste"}}, {"pk": 2, "model": "anarapp.datum", "fields": {"yacimiento": 3, "tipoDatum": 2}}, {"pk": 3, "model": "anarapp.datum", "fields": {"yacimiento": 4, "tipoDatum": 2}}, {"pk": 4, "model": "anarapp.datum", "fields": {"yacimiento": 5, "tipoDatum": 2}}, {"pk": 5, "model": "anarapp.datum", "fields": {"yacimiento": 6, "tipoDatum": 2}}, {"pk": 6, "model": "anarapp.datum", "fields": {"yacimiento": 7, "tipoDatum": 2}}, {"pk": 2, "model": "anarapp.altitud", "fields": {"desarrollo": "80 m", "desnivel": "", "texto": "200 M.SNM.", "superficie": "80 mts de largo                                                                                       ", "yacimiento": 3, "altura": "Alturas y profundidades entre 2 y 12 mts"}}, {"pk": 3, "model": "anarapp.altitud", "fields": {"desarrollo": "80 m", "desnivel": "2m (+0; -2)", "texto": "80 m.snm", "superficie": "El abrigo tiene 80 mts de ancho, y una profundidad a partir de la l\u00ednea de goteo que llega a alcanzar 13 mts", "yacimiento": 4, "altura": "12 mts"}}, {"pk": 4, "model": "anarapp.altitud", "fields": {"desarrollo": "", "desnivel": "", "texto": "Aprox de 70 u 80 mts sobre el nivel de la sabana", "superficie": "80 mts de largo                                                                                       ", "yacimiento": 5, "altura": ""}}, {"pk": 5, "model": "anarapp.altitud", "fields": {"desarrollo": "58 m. Es un abrigo o peque\u00f1a cueva, con pendiente hacia el interior, desarrollada sobre una cornisa.", "desnivel": "3 m (+0; -3). Posee una ligera pendiente en sentido longitudinal que determina un desnivel m\u00e1ximo, de 3 mts entre sus extremos E y W", "texto": " La cavidad profundiza hacia el interior un m\u00e1ximo de 12 mts desde la l\u00ednea de goteo y una  cifra algo menor desde el borde de la cornisa.", "superficie": "Tiene 58 mts de anchura y 2.5 mts de altura ", "yacimiento": 6, "altura": "La cavidad se encuentra a 40 mts de altura sobre la llanura basal y desde ella se domina un amplio panorama."}}, {"pk": 6, "model": "anarapp.altitud", "fields": {"desarrollo": "", "desnivel": "", "texto": "", "superficie": "", "yacimiento": 7, "altura": "720 msnm"}}, {"pk": 18, "model": "anarapp.fotografiayac", "fields": {"noEsAerea": true, "fecha": "1990", "esAerea": false, "archivo": "yacimiento/2014_04/327_Cueva_del_Cerro_Iglesia_edo_Bol\u00edvar_1.jpg", "esSatelital": false, "yacimiento": 3}}, {"pk": 19, "model": "anarapp.fotografiayac", "fields": {"noEsAerea": true, "fecha": "1985", "esAerea": false, "archivo": "yacimiento/2014_04/Perera_1_Cueva_Iglesias_1.jpg", "esSatelital": false, "yacimiento": 3}}, {"pk": 20, "model": "anarapp.fotografiayac", "fields": {"noEsAerea": true, "fecha": "1985", "esAerea": false, "archivo": "yacimiento/2014_04/Perera_2_Cueva_Iglesias_1.jpg", "esSatelital": false, "yacimiento": 3}}, {"pk": 21, "model": "anarapp.fotografiayac", "fields": {"noEsAerea": true, "fecha": "1985", "esAerea": false, "archivo": "yacimiento/2014_04/Perera_3_Cueva_Iglesias_1.jpg", "esSatelital": false, "yacimiento": 3}}, {"pk": 22, "model": "anarapp.fotografiayac", "fields": {"noEsAerea": true, "fecha": "1985", "esAerea": false, "archivo": "yacimiento/2014_04/Perera_4_Cueva_Iglesias_1.jpg", "esSatelital": false, "yacimiento": 3}}, {"pk": 23, "model": "anarapp.fotografiayac", "fields": {"noEsAerea": true, "fecha": "1985", "esAerea": false, "archivo": "yacimiento/2014_04/Perera_5_Cueva_Iglesias_1.jpg", "esSatelital": false, "yacimiento": 3}}, {"pk": 24, "model": "anarapp.fotografiayac", "fields": {"noEsAerea": true, "fecha": "1985", "esAerea": false, "archivo": "yacimiento/2014_04/Perera_6_Cueva_Iglesias_1.jpg", "esSatelital": false, "yacimiento": 3}}, {"pk": 25, "model": "anarapp.fotografiayac", "fields": {"noEsAerea": true, "fecha": "1985", "esAerea": false, "archivo": "yacimiento/2014_04/Perera_7_Cueva_Iglesias_1.jpg", "esSatelital": false, "yacimiento": 3}}, {"pk": 26, "model": "anarapp.fotografiayac", "fields": {"noEsAerea": true, "fecha": "1985", "esAerea": false, "archivo": "yacimiento/2014_04/Perera_8_Cueva_Iglesias_1.jpg", "esSatelital": false, "yacimiento": 3}}, {"pk": 27, "model": "anarapp.fotografiayac", "fields": {"noEsAerea": true, "fecha": "1985", "esAerea": false, "archivo": "yacimiento/2014_04/Perera_9_Cueva_Iglesias_1.jpg", "esSatelital": false, "yacimiento": 3}}, {"pk": 28, "model": "anarapp.fotografiayac", "fields": {"noEsAerea": true, "fecha": "1985", "esAerea": false, "archivo": "yacimiento/2014_04/Perera_10_Cueva_Iglesias_1.jpg", "esSatelital": false, "yacimiento": 3}}, {"pk": 29, "model": "anarapp.fotografiayac", "fields": {"noEsAerea": true, "fecha": "1985", "esAerea": false, "archivo": "yacimiento/2014_04/Perera_11_Cueva_Iglesias_1.jpg", "esSatelital": false, "yacimiento": 3}}, {"pk": 30, "model": "anarapp.fotografiayac", "fields": {"noEsAerea": true, "fecha": "1985", "esAerea": false, "archivo": "yacimiento/2014_04/Perera_12_Cueva_Iglesias_1.jpg", "esSatelital": false, "yacimiento": 3}}, {"pk": 31, "model": "anarapp.fotografiayac", "fields": {"noEsAerea": true, "fecha": "1985", "esAerea": false, "archivo": "yacimiento/2014_04/Perera_13_Cueva_Iglesias_1.jpg", "esSatelital": false, "yacimiento": 3}}, {"pk": 32, "model": "anarapp.fotografiayac", "fields": {"noEsAerea": true, "fecha": "1985", "esAerea": false, "archivo": "yacimiento/2014_04/Perera_14_Cueva_Iglesias.jpg", "esSatelital": false, "yacimiento": 3}}, {"pk": 33, "model": "anarapp.fotografiayac", "fields": {"noEsAerea": true, "fecha": "1985", "esAerea": false, "archivo": "yacimiento/2014_04/Perera_15_Cueva_Iglesias.jpg", "esSatelital": false, "yacimiento": 3}}, {"pk": 34, "model": "anarapp.fotografiayac", "fields": {"noEsAerea": true, "fecha": "1992", "esAerea": false, "archivo": "yacimiento/2014_05/50_Cueva_Sususde_Inava.jpg", "esSatelital": false, "yacimiento": 4}}, {"pk": 35, "model": "anarapp.fotografiayac", "fields": {"noEsAerea": true, "fecha": "1992", "esAerea": false, "archivo": "yacimiento/2014_05/50__Cueva_Susude_Inava_-detalle_1-.jpg", "esSatelital": false, "yacimiento": 4}}, {"pk": 36, "model": "anarapp.fotografiayac", "fields": {"noEsAerea": true, "fecha": "1992", "esAerea": false, "archivo": "yacimiento/2014_05/50_Cueva_Susude_Inava_-detalle_2-.jpg", "esSatelital": false, "yacimiento": 4}}, {"pk": 37, "model": "anarapp.fotografiayac", "fields": {"noEsAerea": true, "fecha": "1992", "esAerea": false, "archivo": "", "esSatelital": false, "yacimiento": 4}}, {"pk": 38, "model": "anarapp.fotografiayac", "fields": {"noEsAerea": true, "fecha": "1992", "esAerea": false, "archivo": "", "esSatelital": false, "yacimiento": 4}}, {"pk": 39, "model": "anarapp.fotografiayac", "fields": {"noEsAerea": true, "fecha": "1992", "esAerea": false, "archivo": "", "esSatelital": false, "yacimiento": 4}}, {"pk": 40, "model": "anarapp.fotografiayac", "fields": {"noEsAerea": true, "fecha": "1992", "esAerea": false, "archivo": "", "esSatelital": false, "yacimiento": 4}}, {"pk": 41, "model": "anarapp.fotografiayac", "fields": {"noEsAerea": true, "fecha": "1992", "esAerea": false, "archivo": "", "esSatelital": false, "yacimiento": 4}}, {"pk": 42, "model": "anarapp.fotografiayac", "fields": {"noEsAerea": true, "fecha": "1992", "esAerea": false, "archivo": "", "esSatelital": false, "yacimiento": 4}}, {"pk": 43, "model": "anarapp.fotografiayac", "fields": {"noEsAerea": true, "fecha": "1992", "esAerea": false, "archivo": "", "esSatelital": false, "yacimiento": 4}}, {"pk": 44, "model": "anarapp.fotografiayac", "fields": {"noEsAerea": true, "fecha": "1992", "esAerea": false, "archivo": "", "esSatelital": false, "yacimiento": 4}}, {"pk": 45, "model": "anarapp.fotografiayac", "fields": {"noEsAerea": true, "fecha": "1970", "esAerea": false, "archivo": "yacimiento/2014_05/Anexo_2_-_La_piedra_del_Elefante.jpg", "esSatelital": false, "yacimiento": 5}}, {"pk": 46, "model": "anarapp.fotografiayac", "fields": {"noEsAerea": true, "fecha": "1992", "esAerea": false, "archivo": "yacimiento/2014_05/Anexo_18-_3_cueva_del_elefante_-_sur_de_pto_ordaz_1.jpg", "esSatelital": false, "yacimiento": 5}}, {"pk": 47, "model": "anarapp.fotografiayac", "fields": {"noEsAerea": true, "fecha": "1992", "esAerea": false, "archivo": "yacimiento/2014_05/Anexo_19_-3_Cueva_del_elefante_-sur_de_pto_ordaz_2.jpg", "esSatelital": false, "yacimiento": 5}}, {"pk": 48, "model": "anarapp.fotografiayac", "fields": {"noEsAerea": true, "fecha": "1992", "esAerea": false, "archivo": "yacimiento/2014_05/Anexo_20-_3_Cueva_del_elefante_-sur_de_pto_ordaz_3.jpg", "esSatelital": false, "yacimiento": 5}}, {"pk": 49, "model": "anarapp.fotografiayac", "fields": {"noEsAerea": true, "fecha": "1992", "esAerea": false, "archivo": "yacimiento/2014_05/Anexo_21-_3_Cueva_del_elefante_-sur_de_pto_ordaz_4.jpg", "esSatelital": false, "yacimiento": 5}}, {"pk": 50, "model": "anarapp.fotografiayac", "fields": {"noEsAerea": true, "fecha": "1992", "esAerea": false, "archivo": "yacimiento/2014_05/Anexo_22_-_3_Cueva_del_elefante_-sur_de_pto_ordaz_5.jpg", "esSatelital": false, "yacimiento": 5}}, {"pk": 51, "model": "anarapp.fotografiayac", "fields": {"noEsAerea": true, "fecha": "1992", "esAerea": false, "archivo": "yacimiento/2014_05/Anexo_23-_3_Cueva_del_elefante_-sur_de_pto_ordaz_6.jpg", "esSatelital": false, "yacimiento": 5}}, {"pk": 52, "model": "anarapp.fotografiayac", "fields": {"noEsAerea": true, "fecha": "1992", "esAerea": false, "archivo": "yacimiento/2014_05/Anexo_24_-_3_Cueva_del_elefante_-sur_de_pto_ordaz_7.jpg", "esSatelital": false, "yacimiento": 5}}, {"pk": 53, "model": "anarapp.fotografiayac", "fields": {"noEsAerea": true, "fecha": "1992", "esAerea": false, "archivo": "yacimiento/2014_05/Anexo_25_-3_Cueva_del_elefante_-sur_de_pto_ordaz_8.jpg", "esSatelital": false, "yacimiento": 5}}, {"pk": 54, "model": "anarapp.fotografiayac", "fields": {"noEsAerea": true, "fecha": "1992", "esAerea": false, "archivo": "yacimiento/2014_05/Anexo_26_-3_Cueva_del_elefante_-sur_de_pto_ordaz_9.jpg", "esSatelital": false, "yacimiento": 5}}, {"pk": 55, "model": "anarapp.fotografiayac", "fields": {"noEsAerea": true, "fecha": "1992", "esAerea": false, "archivo": "yacimiento/2014_05/Anexo_27-_3_Cueva_del_elefante_-sur_de_pto_ordaz_121.jpg", "esSatelital": false, "yacimiento": 5}}, {"pk": 56, "model": "anarapp.fotografiayac", "fields": {"noEsAerea": true, "fecha": "1992", "esAerea": false, "archivo": "yacimiento/2014_05/Planta_vistas_y_corte-_Cueva_Ca\u00f1o_Ore_edo_Bol\u00edvar.jpg", "esSatelital": false, "yacimiento": 6}}, {"pk": 57, "model": "anarapp.fotografiayac", "fields": {"noEsAerea": true, "fecha": "1992", "esAerea": false, "archivo": "yacimiento/2014_05/444_Cueva_Ca\u00f1o_Ore.jpg", "esSatelital": false, "yacimiento": 6}}, {"pk": 58, "model": "anarapp.fotografiayac", "fields": {"noEsAerea": true, "fecha": "1992", "esAerea": false, "archivo": "yacimiento/2014_05/444_Cueva_Ca\u00f1o_Ore2.jpg", "esSatelital": false, "yacimiento": 6}}, {"pk": 59, "model": "anarapp.fotografiayac", "fields": {"noEsAerea": true, "fecha": "2001", "esAerea": false, "archivo": "yacimiento/2014_05/Geoglifo_-_Chirgua_-.jpg", "esSatelital": false, "yacimiento": 7}}, {"pk": 60, "model": "anarapp.fotografiayac", "fields": {"noEsAerea": true, "fecha": "2006", "esAerea": false, "archivo": "yacimiento/2014_05/GEOGLIFO-Chirgua_estado_carabobo_foto_Victor_Hern\u00e1ndez.jpg", "esSatelital": false, "yacimiento": 7}}, {"pk": 61, "model": "anarapp.fotografiayac", "fields": {"noEsAerea": true, "fecha": "13 / 9 / 2007", "esAerea": false, "archivo": "yacimiento/2014_05/Geoglifo_-_Chirgua_-__Gustavo_P\u00e9rez_13_sept_2007.jpg", "esSatelital": false, "yacimiento": 7}}, {"pk": 62, "model": "anarapp.fotografiayac", "fields": {"noEsAerea": true, "fecha": "13 / 9 / 2007", "esAerea": false, "archivo": "yacimiento/2014_05/Geoglifo_2-_Chirgua_-__Gustavo_P\u00e9rez__13_septriembre_2007.jpg", "esSatelital": false, "yacimiento": 7}}, {"pk": 2, "model": "anarapp.tipoyacimiento", "fields": {"esTerrenoSup": false, "esRoca": false, "esTerrenoPro": false, "esCuevadeRec": false, "esParedRocosa": true, "esAbrigo": true, "esDolmen": false, "yacimiento": 3, "esCueva": true}}, {"pk": 3, "model": "anarapp.tipoyacimiento", "fields": {"esTerrenoSup": false, "esRoca": false, "esTerrenoPro": false, "esCuevadeRec": false, "esParedRocosa": false, "esAbrigo": true, "esDolmen": false, "yacimiento": 4, "esCueva": false}}, {"pk": 4, "model": "anarapp.tipoyacimiento", "fields": {"esTerrenoSup": false, "esRoca": false, "esTerrenoPro": false, "esCuevadeRec": false, "esParedRocosa": false, "esAbrigo": false, "esDolmen": false, "yacimiento": 5, "esCueva": true}}, {"pk": 5, "model": "anarapp.tipoyacimiento", "fields": {"esTerrenoSup": false, "esRoca": false, "esTerrenoPro": false, "esCuevadeRec": false, "esParedRocosa": false, "esAbrigo": false, "esDolmen": false, "yacimiento": 6, "esCueva": true}}, {"pk": 6, "model": "anarapp.tipoyacimiento", "fields": {"esTerrenoSup": true, "esRoca": false, "esTerrenoPro": false, "esCuevadeRec": false, "esParedRocosa": false, "esAbrigo": false, "esDolmen": false, "yacimiento": 7, "esCueva": false}}, {"pk": 1, "model": "anarapp.manifestacionyacimiento", "fields": {"esPuntosAcoplados": false, "esMonolitos": false, "esGeoglifo": false, "esCerroConDolmen": false, "esMortero": false, "esMicroPetroglifo": false, "esMenhiresConPintura": false, "esMonumentosMegaliticos": false, "esMenhiresConPetroglifo": false, "esPintura": true, "esMenhires": false, "esCerroMiticoNatural": false, "esCupulas": false, "esPiedraMiticaNatural": false, "esAmolador": false, "esCerroConPintura": false, "esCerroConPetroglifo": false, "esMenhiresConPuntos": false, "esPetroglifo": false, "esBatea": false, "esPetroglifoPintado": false, "esMonolitoConGrabados": false, "yacimiento": 3}}, {"pk": 2, "model": "anarapp.manifestacionyacimiento", "fields": {"esPuntosAcoplados": false, "esMonolitos": false, "esGeoglifo": false, "esCerroConDolmen": false, "esMortero": false, "esMicroPetroglifo": false, "esMenhiresConPintura": false, "esMonumentosMegaliticos": false, "esMenhiresConPetroglifo": false, "esPintura": true, "esMenhires": false, "esCerroMiticoNatural": false, "esCupulas": false, "esPiedraMiticaNatural": false, "esAmolador": false, "esCerroConPintura": false, "esCerroConPetroglifo": false, "esMenhiresConPuntos": false, "esPetroglifo": false, "esBatea": false, "esPetroglifoPintado": false, "esMonolitoConGrabados": false, "yacimiento": 4}}, {"pk": 3, "model": "anarapp.manifestacionyacimiento", "fields": {"esPuntosAcoplados": false, "esMonolitos": false, "esGeoglifo": false, "esCerroConDolmen": false, "esMortero": false, "esMicroPetroglifo": false, "esMenhiresConPintura": false, "esMonumentosMegaliticos": false, "esMenhiresConPetroglifo": false, "esPintura": true, "esMenhires": false, "esCerroMiticoNatural": false, "esCupulas": false, "esPiedraMiticaNatural": false, "esAmolador": false, "esCerroConPintura": false, "esCerroConPetroglifo": false, "esMenhiresConPuntos": false, "esPetroglifo": false, "esBatea": false, "esPetroglifoPintado": false, "esMonolitoConGrabados": false, "yacimiento": 5}}, {"pk": 4, "model": "anarapp.manifestacionyacimiento", "fields": {"esPuntosAcoplados": false, "esMonolitos": false, "esGeoglifo": false, "esCerroConDolmen": false, "esMortero": false, "esMicroPetroglifo": false, "esMenhiresConPintura": false, "esMonumentosMegaliticos": false, "esMenhiresConPetroglifo": false, "esPintura": true, "esMenhires": false, "esCerroMiticoNatural": false, "esCupulas": false, "esPiedraMiticaNatural": false, "esAmolador": false, "esCerroConPintura": false, "esCerroConPetroglifo": false, "esMenhiresConPuntos": false, "esPetroglifo": false, "esBatea": false, "esPetroglifoPintado": false, "esMonolitoConGrabados": false, "yacimiento": 6}}, {"pk": 5, "model": "anarapp.manifestacionyacimiento", "fields": {"esPuntosAcoplados": false, "esMonolitos": false, "esGeoglifo": true, "esCerroConDolmen": false, "esMortero": false, "esMicroPetroglifo": false, "esMenhiresConPintura": false, "esMonumentosMegaliticos": false, "esMenhiresConPetroglifo": false, "esPintura": false, "esMenhires": false, "esCerroMiticoNatural": false, "esCupulas": false, "esPiedraMiticaNatural": false, "esAmolador": false, "esCerroConPintura": false, "esCerroConPetroglifo": false, "esMenhiresConPuntos": false, "esPetroglifo": false, "esBatea": false, "esPetroglifoPintado": false, "esMonolitoConGrabados": false, "yacimiento": 7}}, {"pk": 1, "model": "anarapp.ubicacionyacimiento", "fields": {"enRioCosta": false, "enCerroPieDeMonte": false, "enRio": false, "enCerro": true, "enValle": false, "yacimiento": 3, "enCerroCima": false, "enRioLecho": false, "enCerroAcantilado": false, "enRioMargenDerecha": false, "enRioRaudal": false, "enCerroLadera": true, "enRioIsla": false, "enRioMargenIzquierda": false, "enCerroFalda": false, "enCerroFila": false, "enCerroBarranco": false}}, {"pk": 2, "model": "anarapp.ubicacionyacimiento", "fields": {"enRioCosta": false, "enCerroPieDeMonte": false, "enRio": false, "enCerro": true, "enValle": false, "yacimiento": 4, "enCerroCima": false, "enRioLecho": false, "enCerroAcantilado": false, "enRioMargenDerecha": false, "enRioRaudal": false, "enCerroLadera": false, "enRioIsla": false, "enRioMargenIzquierda": false, "enCerroFalda": false, "enCerroFila": false, "enCerroBarranco": false}}, {"pk": 3, "model": "anarapp.ubicacionyacimiento", "fields": {"enRioCosta": false, "enCerroPieDeMonte": false, "enRio": false, "enCerro": true, "enValle": false, "yacimiento": 5, "enCerroCima": false, "enRioLecho": false, "enCerroAcantilado": false, "enRioMargenDerecha": false, "enRioRaudal": false, "enCerroLadera": false, "enRioIsla": false, "enRioMargenIzquierda": false, "enCerroFalda": false, "enCerroFila": false, "enCerroBarranco": false}}, {"pk": 4, "model": "anarapp.ubicacionyacimiento", "fields": {"enRioCosta": false, "enCerroPieDeMonte": false, "enRio": false, "enCerro": true, "enValle": false, "yacimiento": 6, "enCerroCima": false, "enRioLecho": false, "enCerroAcantilado": false, "enRioMargenDerecha": false, "enRioRaudal": false, "enCerroLadera": false, "enRioIsla": false, "enRioMargenIzquierda": false, "enCerroFalda": false, "enCerroFila": false, "enCerroBarranco": false}}, {"pk": 5, "model": "anarapp.ubicacionyacimiento", "fields": {"enRioCosta": false, "enCerroPieDeMonte": false, "enRio": false, "enCerro": true, "enValle": false, "yacimiento": 7, "enCerroCima": false, "enRioLecho": false, "enCerroAcantilado": false, "enRioMargenDerecha": false, "enRioRaudal": false, "enCerroLadera": true, "enRioIsla": false, "enRioMargenIzquierda": false, "enCerroFalda": false, "enCerroFila": true, "enCerroBarranco": false}}, {"pk": 1, "model": "anarapp.orientacionyacimiento", "fields": {"haciaRio": false, "yacimiento": 3, "haciaValle": true, "haciaCielo": false, "haciaCerro": false, "orientacion": "", "otros": "Mitad del valle del r\u00edo Parguaza, al noreste  del borde del valle                                                         ", "haciaCosta": false}}, {"pk": 2, "model": "anarapp.orientacionyacimiento", "fields": {"haciaRio": false, "yacimiento": 4, "haciaValle": false, "haciaCielo": false, "haciaCerro": false, "orientacion": "", "otros": "En la base del cerro", "haciaCosta": false}}, {"pk": 3, "model": "anarapp.orientacionyacimiento", "fields": {"haciaRio": false, "yacimiento": 5, "haciaValle": true, "haciaCielo": false, "haciaCerro": false, "orientacion": "", "otros": "Cerro El Elefante", "haciaCosta": false}}, {"pk": 4, "model": "anarapp.orientacionyacimiento", "fields": {"haciaRio": false, "yacimiento": 6, "haciaValle": true, "haciaCielo": false, "haciaCerro": false, "orientacion": "", "otros": "Se localiza sobre la llanura basal", "haciaCosta": false}}, {"pk": 5, "model": "anarapp.orientacionyacimiento", "fields": {"haciaRio": false, "yacimiento": 7, "haciaValle": true, "haciaCielo": false, "haciaCerro": false, "orientacion": "", "otros": "", "haciaCosta": false}}, {"pk": 2, "model": "anarapp.texturasuelo", "fields": {"esArenoso": false, "esPedregoso": false, "mixto": "", "esRocaMadre": true, "yacimiento": 3, "esArcilloso": false}}, {"pk": 3, "model": "anarapp.texturasuelo", "fields": {"esArenoso": false, "esPedregoso": false, "mixto": "Cerro gran\u00edtico", "esRocaMadre": false, "yacimiento": 4, "esArcilloso": false}}, {"pk": 4, "model": "anarapp.texturasuelo", "fields": {"esArenoso": false, "esPedregoso": false, "mixto": "", "esRocaMadre": true, "yacimiento": 5, "esArcilloso": false}}, {"pk": 5, "model": "anarapp.texturasuelo", "fields": {"esArenoso": false, "esPedregoso": false, "mixto": "Afloramiento de Granito", "esRocaMadre": false, "yacimiento": 6, "esArcilloso": false}}, {"pk": 1, "model": "anarapp.florayacimiento", "fields": {"flora": "El espacio techado est\u00e1 limitado, por un bosquecito", "yacimiento": 4}}, {"pk": 2, "model": "anarapp.florayacimiento", "fields": {"flora": "La vegetaci\u00f3n del sitio es escasa, limit\u00e1ndose a monte ralo. El paisaje que rosea la piedra de El Elefante es t\u00edpicamente de sabana. En la vegetaci\u00f3n predominan las gram\u00edneas, chaparrales y espinos, con manchas de vegetaci\u00f3n alta, que forman una especie de selva de galer\u00eda a lo largo de un peque\u00f1o curso de agua que corre en las vecindades. ", "yacimiento": 5}}, {"pk": 3, "model": "anarapp.florayacimiento", "fields": {"flora": "La principal actividad  del pueblo de Chirgua es la agricultura, especialmente el cultivo de la papa, rodeado de monta\u00f1as en el valle del r\u00edo del mismo nombre, ", "yacimiento": 7}}, {"pk": 1, "model": "anarapp.faunayacimiento", "fields": {"fauna": "  Alrededor del promontorio rocoso y dentro de la cueva misma, son muy abundantes los quelonios llamados \u201cmorrocoyes\u201d (Testudo sculpta)", "yacimiento": 5}}, {"pk": 2, "model": "anarapp.faunayacimiento", "fields": {"fauna": "Estos abrigos constituyen enclaves o biotopos frecuentados por una fauna caracter\u00edstica de lagartos y quir\u00f3pteros, que encuentra refugio en ellos.", "yacimiento": 6}}, {"pk": 2, "model": "anarapp.hidrologiayacimiento", "fields": {"arroyoPerenne": false, "distancia": "1.5 horas  Caminando desde  la orilla derecha  del  Bajo Parguaza", "yacimiento": 3, "observaciones": "", "manantialIntermitente": false, "rio": true, "nombre": "R\u00edo Parguaza", "manantial": false, "laguna": false, "otros": "", "arroyo": false}}, {"pk": 3, "model": "anarapp.hidrologiayacimiento", "fields": {"arroyoPerenne": false, "distancia": "", "yacimiento": 4, "observaciones": "", "manantialIntermitente": false, "rio": false, "nombre": "", "manantial": false, "laguna": false, "otros": "Quebrada que contonea la base del cerro, alrededor del bosquecito", "arroyo": false}}, {"pk": 4, "model": "anarapp.hidrologiayacimiento", "fields": {"arroyoPerenne": false, "distancia": "", "yacimiento": 5, "observaciones": "Desde la cara oeste del promontorio, a la lejan\u00eda se ve el r\u00edo Caron\u00ed", "manantialIntermitente": false, "rio": false, "nombre": "", "manantial": false, "laguna": false, "otros": "Peque\u00f1o curso de agua que  corre en las vecindades, entre el bosque de galer\u00eda ", "arroyo": false}}, {"pk": 5, "model": "anarapp.hidrologiayacimiento", "fields": {"arroyoPerenne": false, "distancia": "", "yacimiento": 6, "observaciones": "Pr\u00f3ximo al r\u00edo o Ca\u00f1o Ore", "manantialIntermitente": false, "rio": true, "nombre": "", "manantial": false, "laguna": false, "otros": "", "arroyo": false}}, {"pk": 6, "model": "anarapp.hidrologiayacimiento", "fields": {"arroyoPerenne": false, "distancia": "", "yacimiento": 7, "observaciones": "", "manantialIntermitente": false, "rio": true, "nombre": "Chirgua", "manantial": false, "laguna": false, "otros": "", "arroyo": false}}, {"pk": 1, "model": "anarapp.tipoexposicionyac", "fields": {"expuesto": false, "observaciones": "", "yacimiento": 4, "expuestoPeriodicamente": false, "noExpuesto": true}}, {"pk": 2, "model": "anarapp.tipoexposicionyac", "fields": {"expuesto": false, "observaciones": "La casi totalidad de las pinturas de la Cueva de El Elefante, se halla localizada sobre el fondo de la misma, formando una especie de panel continuo, con una longitud aproximada  de 38 mts y un ancho de 2 a 3 mtrs.  ", "yacimiento": 5, "expuestoPeriodicamente": false, "noExpuesto": true}}, {"pk": 3, "model": "anarapp.tipoexposicionyac", "fields": {"expuesto": false, "observaciones": "", "yacimiento": 6, "expuestoPeriodicamente": false, "noExpuesto": true}}, {"pk": 4, "model": "anarapp.tipoexposicionyac", "fields": {"expuesto": true, "observaciones": "", "yacimiento": 7, "expuestoPeriodicamente": false, "noExpuesto": false}}, {"pk": 5, "model": "anarapp.tipoexposicionyac", "fields": {"expuesto": false, "observaciones": "", "yacimiento": 3, "expuestoPeriodicamente": false, "noExpuesto": true}}, {"pk": 2, "model": "anarapp.constitucionyacimiento", "fields": {"nroPiedrasColocadas": null, "nroPiedras": null, "nroPiedrasGrabadas": null, "nroPiedrasPintadas": null, "otros": "Abrigo rocoso muy alto, con   peque\u00f1as  cuevas anexas cerca del centro", "yacimiento": 3}}, {"pk": 3, "model": "anarapp.constitucionyacimiento", "fields": {"nroPiedrasColocadas": null, "nroPiedras": null, "nroPiedrasGrabadas": 1, "nroPiedrasPintadas": null, "otros": "", "yacimiento": 4}}, {"pk": 4, "model": "anarapp.constitucionyacimiento", "fields": {"nroPiedrasColocadas": null, "nroPiedras": null, "nroPiedrasGrabadas": null, "nroPiedrasPintadas": null, "otros": "Abrigo rocoso muy alto, con peque\u00f1as  cuevas anexas cerca del centro", "yacimiento": 5}}, {"pk": 5, "model": "anarapp.constitucionyacimiento", "fields": {"nroPiedrasColocadas": null, "nroPiedras": null, "nroPiedrasGrabadas": null, "nroPiedrasPintadas": null, "otros": "Constituye un abrigo o peque\u00f1a cueva, con pendiente hacia el interior, desarrollada sobe una cornisa.", "yacimiento": 6}}, {"pk": 1, "model": "anarapp.materialyacimiento", "fields": {"esSedimentaria": false, "esIgnea": true, "tipo": "", "esCorteza": false, "esMetamor": false, "esHueso": false, "esPiel": false, "esTierra": false, "otros": "", "esRoca": true, "yacimiento": 3}}, {"pk": 2, "model": "anarapp.materialyacimiento", "fields": {"esSedimentaria": false, "esIgnea": true, "tipo": "", "esCorteza": false, "esMetamor": false, "esHueso": false, "esPiel": false, "esTierra": false, "otros": "", "esRoca": true, "yacimiento": 4}}, {"pk": 3, "model": "anarapp.materialyacimiento", "fields": {"esSedimentaria": false, "esIgnea": true, "tipo": "Se halla sobre roca c\u00f3nica", "esCorteza": false, "esMetamor": false, "esHueso": false, "esPiel": false, "esTierra": false, "otros": "", "esRoca": true, "yacimiento": 5}}, {"pk": 4, "model": "anarapp.materialyacimiento", "fields": {"esSedimentaria": false, "esIgnea": false, "tipo": "Granito", "esCorteza": false, "esMetamor": false, "esHueso": false, "esPiel": false, "esTierra": false, "otros": "", "esRoca": true, "yacimiento": 6}}, {"pk": 5, "model": "anarapp.materialyacimiento", "fields": {"esSedimentaria": false, "esIgnea": false, "tipo": "", "esCorteza": false, "esMetamor": false, "esHueso": false, "esPiel": false, "esTierra": true, "otros": "", "esRoca": false, "yacimiento": 7}}, {"pk": 1, "model": "anarapp.tecnicaparageoglifo", "fields": {"yacimiento": 7, "esGeoflifo": false, "tecnicas": "El geoglifo es una zanja laber\u00edntica de unos 40 cent\u00edmetros de profundidad y un metro de anchura, formando una figura en supuesta posici\u00f3n vertical. Tiene 32 metros de longitud. La parte central de la figura esta formada por tres c\u00edrculos conc\u00e9ntricos; de la parte superior del circulo exterior salen dos zanjas m\u00e1s, ligeramente divergentes entre si que terminan formando dos espirales apenas enrolladas; en la parte extrema del mismo circulo exterior, es decir en la que esta en el lugar mas bajo del monte, se forma una especie de paralelogramo, de unos tres metros de anchura, del que salen en su parte inferior dos zanjas rectas, del tama\u00f1o de todas las dem\u00e1s, es decir de unos 40 cent\u00edmetros de profundidad por 1 metro de anchura, que forman un \u00e1ngulo agudo casi recto. Un detalle especial la voluta: sobre el circulo y la zanja inferior a manera de pata del lado izquierdo son visiblemente mayores que las similares del lado derecho"}}, {"pk": 2, "model": "anarapp.tecnicaparapintura", "fields": {"fibra": true, "esPintura": false, "soplado": false, "conDedo": true, "otros": "", "yacimiento": 4}}, {"pk": 3, "model": "anarapp.tecnicaparapintura", "fields": {"fibra": true, "esPintura": false, "soplado": false, "conDedo": true, "otros": "La casi totalidad de las pinturas de la Cueva de El Elefante, se halla localizada sobre el fondo de la misma, formando una especie de panel continuo, con una longitud aproximada  de 38 mts y un ancho de 2 a 3 mtrs.  ", "yacimiento": 5}}, {"pk": 4, "model": "anarapp.tecnicaparapintura", "fields": {"fibra": true, "esPintura": false, "soplado": false, "conDedo": true, "otros": "Las pinturas rupestres est\u00e1n esparcidas en el techo, en una zona de 17 mts", "yacimiento": 6}}, {"pk": 1, "model": "anarapp.tecnicaparapintura", "fields": {"fibra": true, "esPintura": true, "soplado": false, "conDedo": true, "otros": "", "yacimiento": 3}}, {"pk": 1, "model": "anarapp.caracdelapintura", "fields": {"tienesFigurasSuperpuestas": true, "esLineaSencilla": true, "anchoDe": "2 cms", "esTecnicaDactilar": false, "anchoDeComp": "", "esImpresionDeManosPositivo": false, "anchoA": "4 cms", "esPinturaRupestre": true, "esTecnicaFibra": false, "esFiguraRellena": true, "esImpresionDeManos": false, "otros": "", "yacimiento": 3, "esImpresionDeManosNegativo": false, "esLineaCompuesta": false, "anchoAComp": ""}}, {"pk": 2, "model": "anarapp.caracdelapintura", "fields": {"tienesFigurasSuperpuestas": true, "esLineaSencilla": true, "anchoDe": "1.5 cms", "esTecnicaDactilar": false, "anchoDeComp": "", "esImpresionDeManosPositivo": false, "anchoA": "5 cms", "esPinturaRupestre": false, "esTecnicaFibra": false, "esFiguraRellena": true, "esImpresionDeManos": false, "otros": "", "yacimiento": 4, "esImpresionDeManosNegativo": false, "esLineaCompuesta": true, "anchoAComp": ""}}, {"pk": 3, "model": "anarapp.caracdelapintura", "fields": {"tienesFigurasSuperpuestas": false, "esLineaSencilla": true, "anchoDe": "2 cm", "esTecnicaDactilar": true, "anchoDeComp": "", "esImpresionDeManosPositivo": true, "anchoA": "4 cm", "esPinturaRupestre": true, "esTecnicaFibra": true, "esFiguraRellena": true, "esImpresionDeManos": true, "otros": "La casi totalidad de las pinturas de la Cueva de El Elefante, se halla localizada sobre el fondo de la misma, formando una especie de panel continuo, con una longitud aproximada  de 38 mts y un ancho de 2 a 3 mtrs.  ", "yacimiento": 5, "esImpresionDeManosNegativo": false, "esLineaCompuesta": false, "anchoAComp": ""}}, {"pk": 4, "model": "anarapp.caracdelapintura", "fields": {"tienesFigurasSuperpuestas": false, "esLineaSencilla": true, "anchoDe": "", "esTecnicaDactilar": true, "anchoDeComp": "", "esImpresionDeManosPositivo": false, "anchoA": "", "esPinturaRupestre": true, "esTecnicaFibra": true, "esFiguraRellena": true, "esImpresionDeManos": false, "otros": "", "yacimiento": 6, "esImpresionDeManosNegativo": false, "esLineaCompuesta": false, "anchoAComp": ""}}, {"pk": 1, "model": "anarapp.colores", "fields": {"y": "", "m": "x", "c": "", "yacimiento": 4, "k": "x"}}, {"pk": 2, "model": "anarapp.colores", "fields": {"y": "", "m": "x", "c": "", "yacimiento": 5, "k": ""}}, {"pk": 3, "model": "anarapp.colores", "fields": {"y": "", "m": "x", "c": "", "yacimiento": 6, "k": ""}}, {"pk": 1, "model": "anarapp.desccolores", "fields": {"posUnRojo": "1", "colorBase": "", "negNegro": "", "negAmarillo": "", "negTresRojos": "", "negDosRojos": "", "negUnRojo": "1", "posAmarillo": "", "posTresRojos": "", "posDosRojos": "", "negBlanco": "1", "esPositiva": true, "posNegro": "", "yacimiento": 4, "posBlanco": "2", "esNegativa": true}}, {"pk": 2, "model": "anarapp.desccolores", "fields": {"posUnRojo": "", "colorBase": "rojo", "negNegro": "", "negAmarillo": "", "negTresRojos": "", "negDosRojos": "", "negUnRojo": "", "posAmarillo": "", "posTresRojos": "", "posDosRojos": "x", "negBlanco": "", "esPositiva": true, "posNegro": "", "yacimiento": 5, "posBlanco": "", "esNegativa": false}}, {"pk": 3, "model": "anarapp.desccolores", "fields": {"posUnRojo": "x", "colorBase": "", "negNegro": "", "negAmarillo": "", "negTresRojos": "", "negDosRojos": "", "negUnRojo": "", "posAmarillo": "", "posTresRojos": "", "posDosRojos": "", "negBlanco": "", "esPositiva": true, "posNegro": "", "yacimiento": 6, "posBlanco": "x", "esNegativa": false}}, {"pk": 2, "model": "anarapp.estadoconseryac", "fields": {"perdido": null, "patina": null, "enterradoPa": "", "enBuenEstado": true, "sumergido": null, "crecimientoVegPa": "", "especificar": "Hay diversos grados de conservaci\u00f3n de las pinturas que se encuentran en otras partes del abrigo.", "patinaPa": "", "sumergidoPa": "", "destruido": null, "crecimientoVeg": null, "esPorCausaNatural": false, "enterrado": null, "destruccionPotencial": false, "enPorCausaHumanaAguda": false, "erosion": null, "estadoModificado": false, "erosionPa": "", "estaDestruido": false, "enPorCausaHumanaLigera": false, "enPorCausaNaturalLigera": false, "perdidoPa": "", "trasladadoPa": "", "enPorCausaHumana": false, "enPorCausaNaturalAguda": false, "trasladado": null, "yacimiento": 4, "destruidoPa": ""}}, {"pk": 3, "model": "anarapp.estadoconseryac", "fields": {"perdido": null, "patina": null, "enterradoPa": "", "enBuenEstado": false, "sumergido": null, "crecimientoVegPa": "", "especificar": "Una minor\u00eda de las pinturas, las que se encuentran en las \u00e1reas m\u00e1s protegidas de la cueva, est\u00e1n perfectamente conservadas. Las que est\u00e1n en la parte posterior del techo del abrigo y en las partes m\u00e1s expuestas, han sido afectados parcialmente por el escurrimiento de las aguas de lluvia y del desprendimiento de parte de la superficie de la roca.", "patinaPa": "", "sumergidoPa": "", "destruido": null, "crecimientoVeg": null, "esPorCausaNatural": true, "enterrado": null, "destruccionPotencial": true, "enPorCausaHumanaAguda": false, "erosion": 1, "estadoModificado": true, "erosionPa": "3/0/1", "estaDestruido": true, "enPorCausaHumanaLigera": true, "enPorCausaNaturalLigera": true, "perdidoPa": "", "trasladadoPa": "", "enPorCausaHumana": true, "enPorCausaNaturalAguda": false, "trasladado": null, "yacimiento": 5, "destruidoPa": ""}}, {"pk": 4, "model": "anarapp.estadoconseryac", "fields": {"perdido": null, "patina": null, "enterradoPa": "", "enBuenEstado": true, "sumergido": null, "crecimientoVegPa": "", "especificar": "", "patinaPa": "", "sumergidoPa": "", "destruido": null, "crecimientoVeg": null, "esPorCausaNatural": false, "enterrado": null, "destruccionPotencial": false, "enPorCausaHumanaAguda": false, "erosion": null, "estadoModificado": false, "erosionPa": "", "estaDestruido": false, "enPorCausaHumanaLigera": false, "enPorCausaNaturalLigera": false, "perdidoPa": "", "trasladadoPa": "", "enPorCausaHumana": false, "enPorCausaNaturalAguda": false, "trasladado": null, "yacimiento": 6, "destruidoPa": ""}}, {"pk": 5, "model": "anarapp.estadoconseryac", "fields": {"perdido": null, "patina": null, "enterradoPa": "", "enBuenEstado": true, "sumergido": null, "crecimientoVegPa": "", "especificar": "ha perdido de anchura y profundidad, las zanjas llen\u00e1ndose de tierra que arrastran las lluvias. Este deterioro me confirma que los indios cuidaban peri\u00f3dicamente esa figura, sin lo cual hubiera desaparecido como va a desaparecer pronto si no la cuidan.", "patinaPa": "", "sumergidoPa": "", "destruido": null, "crecimientoVeg": null, "esPorCausaNatural": false, "enterrado": null, "destruccionPotencial": true, "enPorCausaHumanaAguda": false, "erosion": null, "estadoModificado": true, "erosionPa": "", "estaDestruido": false, "enPorCausaHumanaLigera": false, "enPorCausaNaturalLigera": false, "perdidoPa": "", "trasladadoPa": "", "enPorCausaHumana": false, "enPorCausaNaturalAguda": false, "trasladado": null, "yacimiento": 7, "destruidoPa": ""}}, {"pk": 1, "model": "anarapp.estadoconseryac", "fields": {"perdido": null, "patina": null, "enterradoPa": "", "enBuenEstado": true, "sumergido": null, "crecimientoVegPa": "", "especificar": " La cueva es sin duda el rinc\u00f3n m\u00e1s reservado  de la regi\u00f3n, presenta un paso semi-restringido al desbordado turismo que invade el Parguaza. ", "patinaPa": "", "sumergidoPa": "", "destruido": 2, "crecimientoVeg": null, "esPorCausaNatural": false, "enterrado": null, "destruccionPotencial": true, "enPorCausaHumanaAguda": false, "erosion": null, "estadoModificado": true, "erosionPa": "", "estaDestruido": true, "enPorCausaHumanaLigera": true, "enPorCausaNaturalLigera": false, "perdidoPa": "", "trasladadoPa": "", "enPorCausaHumana": true, "enPorCausaNaturalAguda": false, "trasladado": null, "yacimiento": 3, "destruidoPa": "327/0/1"}}, {"pk": 1, "model": "anarapp.causasdestruccionyac", "fields": {"porVandalismo": true, "porErosionExtModerada": false, "porObraMedianoPlazo": false, "yacimiento": 3, "porAsentamientoHumand": false, "porErosionParSevera": false, "porExtraccionMayor": false, "porErosionExtSevera": false, "porErosionParModerada": false, "porObraLargoPlazo": false, "porErosion": false, "porExtraccionFamiliar": false, "otros": "Turismo desbordado de la  zona\r\n", "porNivelacion": false, "porObraCortoPlazo": false}}, {"pk": 2, "model": "anarapp.causasdestruccionyac", "fields": {"porVandalismo": false, "porErosionExtModerada": false, "porObraMedianoPlazo": false, "yacimiento": 5, "porAsentamientoHumand": false, "porErosionParSevera": false, "porExtraccionMayor": false, "porErosionExtSevera": true, "porErosionParModerada": false, "porObraLargoPlazo": false, "porErosion": true, "porExtraccionFamiliar": false, "otros": "Escurrimiento de las aguas de lluvia\r\n", "porNivelacion": false, "porObraCortoPlazo": false}}, {"pk": 1, "model": "anarapp.intensidaddestruccionyac", "fields": {"dosAno": false, "unAno": false, "observaciones": "", "cincoAno": false, "mas": "", "cuatroAno": false, "tresAno": false, "esDeTiempo": true, "yacimiento": 3, "esInmediato": true}}, {"pk": 2, "model": "anarapp.intensidaddestruccionyac", "fields": {"dosAno": false, "unAno": false, "observaciones": "", "cincoAno": false, "mas": "", "cuatroAno": false, "tresAno": false, "esDeTiempo": false, "yacimiento": 5, "esInmediato": true}}, {"pk": 1, "model": "anarapp.cronologiatentativa", "fields": {"esCrono5": false, "esCrono4": false, "esCrono7": false, "esCrono6": false, "esCrono1": false, "esCrono3": true, "esCrono2": false, "institucion": "Laboratorios Geochron ", "telefono": "", "fecha": "1970", "direccion": "", "autor": "", "facebook": "", "mail": "", "tecnica": "Una muestra de carb\u00f3n vegetal proveniente del nivel 2 del corte 10 de la Cueva de El Elefante, fue procesada en los Laboratorios Geochron, para determinar su contenido de radioactividad y obtener as\u00ed una fecha absoluta para alguno de los per\u00edodos de ocupaci\u00f3n del sitio. La fecha obtenida fue de 1460 a\u00f1os despu\u00e9s de Cristo. Esto significar\u00eda que la cueva de El Elefante estuvo ocupada por grupos de abor\u00edgenes hasta varias decenas de a\u00f1os antes del descubrimiento de Am\u00e9rica.", "pais": "Estados Unidos", "yacimiento": 5, "twitter": "", "bibliografia": "En: _Proyecto Orinoco, Informe 2. Investigaciones arqueol\u00f3gicas en el Bajo Orinoco, estado Bol\u00edvar, Venezuela. La Cueva de El Elefante. Mario Sanoja e Iraida Vargas"}}, {"pk": 1, "model": "anarapp.manifestacioneslitica", "fields": {"esLitica": true, "yacimiento": 3, "descripcionLitica": "Peque\u00f1as bateas de molienda y cantos rodados, est\u00e1n presentes a lo largo del lecho de la roca"}}, {"pk": 2, "model": "anarapp.manifestacioneslitica", "fields": {"esLitica": true, "yacimiento": 4, "descripcionLitica": "Astillas de cuarzo y piso de piedra"}}, {"pk": 3, "model": "anarapp.manifestacioneslitica", "fields": {"esLitica": true, "yacimiento": 5, "descripcionLitica": "En la mayor\u00eda de los cortes excavados, principalmente en el nivel 1 (0-20 cms de profundidad), se hall\u00f3 una cantidad relativamente grande de fragmentos l\u00edticos, algunos tienen indicios de haber sido trabajados intencionalmente.                                                                                                      La mayor\u00eda son artefactos bifaciales sobre lascas, lascas primarias, cantos rodados utilizados para diversos fines, n\u00facleos, fragmentos de vasijas de piedra y rocas naturales. La mayor\u00eda de los artefactos bifaciales parecen haber sido fabricados empleando como materia prima diversas variedades de cuarzo, al igual que lascas primarias, emple\u00e1ndose para los otros artefactos posiblemente gneis o arenisca.\r\nLa t\u00e9cnica utilizada para obtener las lascas fue la percusi\u00f3n  lanzada con percutor.                                                                                                                 La cara externa de las lascas trabajadas, la opuesta a la superficie de astillamiento, presenta una serie de facetas y crestas debido al retoque secundario de las superficie mediante percusi\u00f3n, destinado posiblemente a obtener el filo en bisel, robusto, muy cortante, que presentan todas las lascas.\r\nPercutores y Vasijas de Piedra- Algunos cantos rodados fueron excavados en los diversos cortes del abrigo. Varias \u00e1reas de la superficie de los mismos presentan vestigios de abrasi\u00f3n o astillamiento  producidos por su utilizaci\u00f3n como \u201cmanos de moler\u201d o \u201cmartillos\u201d. Se excavaron tambi\u00e9n fragmentos de vasijas l\u00edticas o metates. Que quiz\u00e1 sirvieron de apoyo a los artefactos mencionados\r\n"}}, {"pk": 4, "model": "anarapp.manifestacioneslitica", "fields": {"esLitica": true, "yacimiento": 6, "descripcionLitica": ""}}, {"pk": 1, "model": "anarapp.manifestacionesceramica", "fields": {"descripcionCeramica": "Solo tiestos modernos,  que est\u00e1n asociados a los entierros", "esCeramica": true, "yacimiento": 3}}, {"pk": 2, "model": "anarapp.manifestacionesceramica", "fields": {"descripcionCeramica": "Material cer\u00e1mico encontrado en la cavidad (varios tiestos de panza) es predominantemente Saladoide, Barrancoide y m\u00e1s tard\u00edo.", "esCeramica": true, "yacimiento": 4}}, {"pk": 3, "model": "anarapp.manifestacionesceramica", "fields": {"descripcionCeramica": "La  cer\u00e1mica de la Cueva de El Elefante, presenta una relativa diversidad  de tipos que permiten plantear la  relaci\u00f3n de algunos de los posibles grupos abor\u00edgenes prehisp\u00e1nicos que habitaron el sitio, con las principales tradiciones cer\u00e1micas que se desarrollaron en el Medio y Bajo Orinoco.                                                                                                             Por una parte, se han hallado tiestos decorados con incisi\u00f3n ancha y pintura roja en zonas, as\u00ed como tambi\u00e9n bordes llamados \u201cde pesta\u00f1a\u201d, los cu\u00e1les son caracter\u00edsticos de la tradici\u00f3n barrancoide del Medio y Bajo Orinoco.                                                                                                          Esta tradici\u00f3n cer\u00e1mica aparece en dicha zona en los inicios del 1er milenio A.C. (Rouse y Cruxent, 1963) y se prolonga hasta los siglos XVI y XV de nuestra era. Otra parte de material cer\u00e1mico tiene como caracter\u00edsticas la inclusi\u00f3n de esp\u00edculas de esponjas de agua dulce, en la arcilla utilizada para fabricar las vasijas.                                                       Este elemento org\u00e1nico, al igual que la arena y la piedra molida, era utilizado por los abor\u00edgenes del Orinoco. Seg\u00fan   Rouse y Cruxent, 1963, este elemento habr\u00eda sido introducido en la regi\u00f3n del Bajo Orinoco, por los portadores de la tradici\u00f3n arauquinoide, que aparece tard\u00edamente en la regi\u00f3n.      ", "esCeramica": true, "yacimiento": 5}}, {"pk": 4, "model": "anarapp.manifestacionesceramica", "fields": {"descripcionCeramica": "Tiestos prehisp\u00e1nicos y modernos, reportados por Tarble y Scaramelli.  (1993b)", "esCeramica": true, "yacimiento": 6}}, {"pk": 1, "model": "anarapp.manifestacionesoseo", "fields": {"esOseo": true, "descripcionOseo": "Algunos restos \u00f3seos est\u00e1n pintados en color rojo, particularmente sobre el hueso frontal de varios cr\u00e1neos, con el mismo tipo de pintura de las paredes (Perera 1986a) igualmente refiere, que esta cueva cementerio de los Mapoyo, contiene restos  de m\u00e1s de 100 esqueletos antiguos,  que se encuentran en la parte central del abrigo ", "yacimiento": 3}}, {"pk": 2, "model": "anarapp.manifestacionesoseo", "fields": {"esOseo": true, "descripcionOseo": "", "yacimiento": 5}}, {"pk": 3, "model": "anarapp.manifestacionesoseo", "fields": {"esOseo": true, "descripcionOseo": "Restos \u00f3seos individuales yacen dispersos en una grieta entre bloques", "yacimiento": 6}}, {"pk": 1, "model": "anarapp.manifestacionescarbon", "fields": {"descripcionCarbon": "", "esCarbon": true, "yacimiento": 5}}, {"pk": 1, "model": "anarapp.manifestacionesmito", "fields": {"descripcionMito": "Seg\u00fan las versiones destacan que las pinturas rupestres de las cavidades de toda la regi\u00f3n del Parquaza, fueron hechas en el tiempo m\u00edtico de la Creaci\u00f3n Wothuha (Piaroa), por uno de sus antepasados sagrados. En la identificaci\u00f3n de este personaje, se indicaron en diferentes lugares (tierras blancas y Pendare) dos posibles autores, ambos personajes  m\u00edticos femeninos de suma importancia en la mitolog\u00eda Wothuha.       \r\n                                                                                                        \r\nSeg\u00fan una de las versiones , las pinturas rupestres fueron hechas por CHEJERU, diosa de la fecundidad, hermana y mujer de Wahari, el h\u00e9roe cultural por excelencia de los Wothuha.\r\n\r\nLa otra dice que fueron realizadas por CUAHUA YAMUATTU HUURAJU, esposa del h\u00e9roe cultural  Warahi e hija de Kuemoi, la serpiente, el canibal , el donador de cultura.\r\n\r\nEn cualquiera de las versiones , los comentarios fueron muy uniformes en cuanto al relato m\u00edtico que justifica la presencia de las pinturas.\r\n\r\nTanto en Pendare como en Tierras Blancas; la esposa de Wahari, de extraordinaria belleza , enloqueci\u00f3 de pasi\u00f3n por otros hombres e hizo que ellos se sintieran atra\u00eddos por ella , lo que motiv\u00f3 que Wahari, defraudado y  molesto, la expulsara del territorio Wothuha.  Cuahua (o Chejeru) alej\u00e1ndose adolorida por el destierro se fue de cueva en cueva (no solo las del Parguaza, sino todas las del Orinoco medio )  pintando las figuras que ahora se observan, sin utilizar pintura ni instrumento alguno. \r\n\r\nLos motivos aparec\u00edan sobre la roca con la presencia solitaria de ella en la cavidad y las figuras tomaban forma en funci\u00f3n del pensamiento, el llanto y los cantos de la mujer afligida y atormentada.\r\n\r\nEste acontecimiento, antes del cual solo exist\u00edan seres sagrados (Wahari; Buoka, Kuemoi...), sucedi\u00f3 al principio del tiempo m\u00edtico Wothuha, y las figuras que se plasmaron en las paredes rocosas del mundo subterr\u00e1neo, ser\u00edan las cosas y Seres que la mujer imaginaba y que en adelante existir\u00edan : venados, cahicamos, serpientes, hombres,nartefactos diversos, el sol..\r\n\r\nEn esta labor creativa Cuahua (o Chejeru)  recorri\u00f3 numerosos ca\u00f1os, muchos en direcci\u00f3n al Alto Orinoco, donde termin\u00f3 convirti\u00e9ndose en piedra; (seg\u00fan uno de los chamanes Wothuha del Parguaza, las figuras cruciformes  con 3 o + brazos verticales, hacen referencia al \"mapa\" de trayectoria recorrida por Cuahua o Chejeru durante su destierro.  \r\n\r\nEn Tierras Blancas los Wothuhas explican el acontecimiento  de su fin como piedra , por la presencia de hoyuelos l\u00edticos (c\u00fapulas y/o puntos acoplados) que frecuentemente se encuentran en el interior de las cavidades.\r\n", "yacimiento": 3, "esMito": true}}, {"pk": 1, "model": "anarapp.manifestacionescementerio", "fields": {"descripcionCementerio": "La cueva fue usada previamente por los Mapoyo, como  cueva cementerio, pero todav\u00eda hoy es usada por los Piaroa, para entierros de personas especiales de la comunidad.    ", "yacimiento": 3, "esCementerio": true}}, {"pk": 2, "model": "anarapp.manifestacionescementerio", "fields": {"descripcionCementerio": "En una cornisa , existe un CACURE o FARDO MORTUORIO Piaroa..         Para Miguel Perera, las Pinturas son de los Mapoyo", "yacimiento": 4, "esCementerio": true}}, {"pk": 3, "model": "anarapp.manifestacionescementerio", "fields": {"descripcionCementerio": "En la cavidad existen 6 Cacures o Fardos mortuorios ind\u00edgenas", "yacimiento": 6, "esCementerio": false}}, {"pk": 1, "model": "anarapp.manifestacionesotros", "fields": {"otros": "* Se encuentra tambi\u00e9n en la cueva un moderno ata\u00fad de madera  (+ o \u2013 de 1990), dicen que es de un importante shaman..                                                             * Tambi\u00e9n se encuentran calabacitas, nylon, tela y algunas cestitas.\r\n\r\n A pesar de la profunda alteraci\u00f3n sociocultural que genera la actividad minera, comercial, evang\u00e9lica y tur\u00edstica de la zona, los habitantes criollos e ind\u00edgenas del sector , en particular los Wothuha (Piaroa) no han abandonado sus costumbres y tradiciones, y disponen de viejas leyendas, \"cuentos\" y mitos que permiten contextualizar etnogr\u00e1ficamente las numerosas Manifestaciones Rupestres de la regi\u00f3n.                                                                          \r\n\r\nLa poblaci\u00f3n de la criolla (en gran parte descendientyes de ind\u00edgenas <<Wanai>> en una, dos o m\u00e1s generaciones), relata generalmente con cierto misterio, que destacan la existencia de distintos  fen\u00f3menos sobrenaturales , vinculados a los r\u00edos, piedras, cuevas y Manifestaciones Rupestres del sector.\r\n\r\nSe comenta con relativa frecuencia, que en los alrededores de las cavidades, sobretodo las que contienen pinturas rupestres y osarios, pueden o\u00edrse ocasionalmente cantos misteriosos, flautas de sonido bajo y golpeteos de tambor, que seg\u00fan informantes mestizos  Wothuha-Wanai,, son el sonido encantado de \u00e1nimas ind\u00edgenas que a\u00fan contin\u00faan haciendo fiestas en las cuevas, como sol\u00edan hacer antes.\r\n\r\nEstas leyendas de gran divulgaci\u00f3n en la poblaci\u00f3n criolla, han sido parte de  la tradici\u00f3n oral de la regi\u00f3n desde \u00e9pocas anteriores al contacto, y los elementos de estos relatos han sido vinculados a las im\u00e1genes rupestres, cuya presencia  generalmente, proporciona al \"cuento\" un mayor grado de misterio.\r\n\r\nLa antig\u00fcedad de estas leyendas y el papel de las im\u00e1genes rupestres en la tradici\u00f3n oral, puede ejemplificarse en el relato de POECK, quien en 1684 se\u00f1ala: . \"....Cont\u00e1ronme otros indios que no lejos del origen y nacimiento del Orinoco, a tres d\u00edas de camino, el mismo r\u00edo forma una isla, en la que sobresale una roca que tiene esculpida, o mejor, colocada encima, con arte maravilloso cierta capilla; en ella se puede apreciar un altar muy semejante al m\u00edo de Cusia, que hice fabricar en mi iglesia, y que en sus paredes de piedra aparecen estatuas o figuras medias de hombres, cinceladas de piedra igual, y dizque oyen de vez en cuando en los aires, cantos suavisimos; pero que los indios que viven all\u00ed, no se atreven a acercarse, bien por reverencia o bien por temor.\". ", "yacimiento": 3}}, {"pk": 2, "model": "anarapp.manifestacionesotros", "fields": {"otros": "En la roca basal existen BATEAS excavadas en la roca, Seg\u00fan los muchachos que acompa\u00f1aron a la cueva, estas BATEAS fueron hechas por los brujos (Shamanes) para preparar el yopo qu se utiliza en las ceremonias mortuorias.", "yacimiento": 4}}, {"pk": 3, "model": "anarapp.manifestacionesotros", "fields": {"otros": "Adornos \u2013                                                                                                                              Se hallaron 2 pendientes o cuentas de collar.Uno de ellos fue elaborado aprovechando la forma natural de un peque\u00f1o guijarro, modific\u00e1ndola mediante abrasi\u00f3n. Otro de los adornos es de azabache, Se trata de una cuenta o pendiente de forma aprox semi-circular, perforada en la parte media, La cara plana presenta 3 incisiones paralelas transvesales", "yacimiento": 5}}, {"pk": 4, "model": "anarapp.manifestacionesotros", "fields": {"otros": "Peque\u00f1os artefactos de molienda se encuentran en el lecho de la roca, tambi\u00e9n se encuentran algunas piedras.", "yacimiento": 6}}, {"pk": 8, "model": "anarapp.piedra", "fields": {"nombre": "Cueva del Cerro Iglesias, Cueva Iglesia, Cueva Mapoyo", "codigo": "327 / 0 / 1", "yacimiento": 3}}, {"pk": 5, "model": "anarapp.fotografiapiedra", "fields": {"noEsAerea": true, "fecha": "1986", "aerea": false, "satelital": false, "piedra": 8, "archivo": ""}}, {"pk": 6, "model": "anarapp.fotografiapiedra", "fields": {"noEsAerea": true, "fecha": "1986", "aerea": false, "satelital": false, "piedra": 8, "archivo": ""}}, {"pk": 2, "model": "anarapp.fotografiapiedra", "fields": {"noEsAerea": true, "fecha": "1986", "aerea": false, "satelital": false, "piedra": 8, "archivo": "piedra/2015_09/Foto_4_de_327_en_C-500.jpg"}}, {"pk": 3, "model": "anarapp.fotografiapiedra", "fields": {"noEsAerea": true, "fecha": "1986", "aerea": false, "satelital": false, "piedra": 8, "archivo": "piedra/2015_09/Fotos_3_de_327_en_C-500.jpg"}}, {"pk": 4, "model": "anarapp.fotografiapiedra", "fields": {"noEsAerea": true, "fecha": "1986", "aerea": false, "satelital": false, "piedra": 8, "archivo": "piedra/2015_09/Fotos__2_de_327_en_C-500.jpg"}}, {"pk": 9, "model": "anarapp.fotografiapiedra", "fields": {"noEsAerea": true, "fecha": "prueba", "aerea": false, "satelital": false, "piedra": 8, "archivo": ""}}, {"pk": 2, "model": "anarapp.piedra2", "fields": {"estado": 6, "nombreFiguras": "", "yacimiento": 8, "numeroCaras": 1, "numeroCarasTrajabadas": 1}}, {"pk": 1, "model": "anarapp.dimensionpiedra", "fields": {"alto": "15-17 mts", "largo": "170 mts", "dimensiones": "4", "ancho": "entre 3 y +- 13 mts", "piedra": 8}}, {"pk": 1, "model": "anarapp.caratrabajada", "fields": {"orientacion": 4, "numero": "4", "piedra": 8}}, {"pk": 1, "model": "anarapp.ubicacioncaras", "fields": {"principalMouth": "", "requiereAndamiaje": false, "todaLaCaverna": false, "luminosity": 0, "piedra": 8, "otraSala": false, "claraboya": false, "lagoInterior": false, "heights": "15 -17 mts", "salaPrincipal": false, "areasEspecificas": true}}, {"pk": 1, "model": "anarapp.bibliografia", "fields": {}}, {"pk": 2, "model": "anarapp.bibliografia", "fields": {}}, {"pk": 3, "model": "anarapp.bibliografia", "fields": {}}, {"pk": 4, "model": "anarapp.bibliografia", "fields": {}}, {"pk": 5, "model": "anarapp.bibliografia", "fields": {}}, {"pk": 6, "model": "anarapp.bibliografia", "fields": {}}, {"pk": 7, "model": "anarapp.bibliografia", "fields": {}}, {"pk": 8, "model": "anarapp.bibliografia", "fields": {}}, {"pk": 9, "model": "anarapp.bibliografia", "fields": {}}, {"pk": 10, "model": "anarapp.bibliografia", "fields": {}}, {"pk": 11, "model": "anarapp.bibliografia", "fields": {}}, {"pk": 12, "model": "anarapp.bibliografia", "fields": {}}, {"pk": 13, "model": "anarapp.bibliografia", "fields": {}}, {"pk": 14, "model": "anarapp.bibliografia", "fields": {}}, {"pk": 15, "model": "anarapp.bibliografia", "fields": {}}, {"pk": 16, "model": "anarapp.bibliografia", "fields": {}}, {"pk": 17, "model": "anarapp.bibliografia", "fields": {}}, {"pk": 18, "model": "anarapp.bibliografia", "fields": {}}, {"pk": 19, "model": "anarapp.bibliografia", "fields": {}}, {"pk": 20, "model": "anarapp.bibliografia", "fields": {}}, {"pk": 21, "model": "anarapp.bibliografia", "fields": {}}, {"pk": 23, "model": "anarapp.bibliografia", "fields": {}}, {"pk": 24, "model": "anarapp.bibliografia", "fields": {}}, {"pk": 27, "model": "anarapp.bibliografia", "fields": {}}, {"pk": 28, "model": "anarapp.bibliografia", "fields": {}}, {"pk": 2, "model": "anarapp.bibyacimiento", "fields": {"conWord": false, "conDibujo": false, "tieneMapa": "", "tieneWord1": "", "archivo1": "", "archivo2": "", "archivo3": "", "archivo4": "", "esDigital": false, "esDiapositiva": false, "tieneMapa1": "", "tieneMapa2": "", "tieneMapa3": "", "tieneMapa4": "", "archivo": "", "esBlancoYNegro": true, "escolor": false, "tieneFotografia": "", "esPapel": false, "titulo": "Pictograf\u00edas y Cer\u00e1mica de dos localidades hipogeas, en la Plenillanura del norte, Territorio Federal Amazonas, y Distrito Cede\u00f1o del Estado Bol\u00edvar. En B SVE (21): 21-32", "tienePDF2": "", "esBibliografia": true, "ano": "1984", "description": false, "institucion": "SVE (Sociedad Venezolana de Espeleolog\u00eda)", "tienePDF1": "", "esFotografia": true, "tieneWord": "", "tipoMapa": null, "autor": "Perera, M.A & H. Moreno", "tienePDF": "", "tieneFotografia4": "", "tieneFotografia1": "", "tieneFotografia3": "", "tieneFotografia2": "", "esNegativo": false, "conPdf": false, "codigo": "", "yacimiento": 4}}, {"pk": 1, "model": "anarapp.bibyacimiento", "fields": {"conWord": false, "conDibujo": true, "tieneMapa": "", "tieneWord1": "", "archivo1": "", "archivo2": "", "archivo3": "", "archivo4": "", "esDigital": false, "esDiapositiva": false, "tieneMapa1": "", "tieneMapa2": "", "tieneMapa3": "", "tieneMapa4": "", "archivo": "bibliografia_yac/2014_05/50_PR_4_SUSUDE_INAVA-Casa_de_Piedra_--Scaramelli_edo_Bol\u00edvar.jpg", "esBlancoYNegro": false, "escolor": false, "tieneFotografia": "", "esPapel": false, "titulo": "4) Bo. 55 CUEVA SUSUDE INAVA  en : Las Pinturas Rupestres del Parguaza: Mito y Representaci\u00f3n (Trabajo final de grado), pags 137-138", "tienePDF2": "", "esBibliografia": true, "ano": "Caracas, Marzo 1992", "description": false, "institucion": "Universidad Central de Venezuela - FACES- Escuela de Antropolog\u00eda", "tienePDF1": "", "esFotografia": false, "tieneWord": "", "tipoMapa": null, "autor": "Franz Scaramelli", "tienePDF": "", "tieneFotografia4": "", "tieneFotografia1": "", "tieneFotografia3": "", "tieneFotografia2": "", "esNegativo": false, "conPdf": false, "codigo": "C-255", "yacimiento": 4}}, {"pk": 3, "model": "anarapp.bibyacimiento", "fields": {"conWord": false, "conDibujo": false, "tieneMapa": "", "tieneWord1": "", "archivo1": "", "archivo2": "", "archivo3": "", "archivo4": "", "esDigital": false, "esDiapositiva": false, "tieneMapa1": "", "tieneMapa2": "", "tieneMapa3": "", "tieneMapa4": "", "archivo": "", "esBlancoYNegro": true, "escolor": false, "tieneFotografia": "", "esPapel": false, "titulo": "El Dise\u00f1o en los Petroglifos Venezolanos, pag 248", "tienePDF2": "", "esBibliografia": true, "ano": "1987", "description": false, "institucion": "ANAR", "tienePDF1": "", "esFotografia": true, "tieneWord": "", "tipoMapa": null, "autor": "De Valencia. R & J, Sujo Volsky", "tienePDF": "", "tieneFotografia4": "", "tieneFotografia1": "", "tieneFotografia3": "", "tieneFotografia2": "", "esNegativo": false, "conPdf": false, "codigo": "C-500", "yacimiento": 4}}, {"pk": 4, "model": "anarapp.bibyacimiento", "fields": {"conWord": false, "conDibujo": true, "tieneMapa": "", "tieneWord1": "", "archivo1": "", "archivo2": "", "archivo3": "", "archivo4": "", "esDigital": false, "esDiapositiva": false, "tieneMapa1": "", "tieneMapa2": "", "tieneMapa3": "", "tieneMapa4": "", "archivo": "bibliografia_yac/2014_05/50_PR_SUSUDE_INAVA-Casa_de_Piedra_-1-_edo_Bol\u00edvar.jpg", "esBlancoYNegro": false, "escolor": false, "tieneFotografia": "", "esPapel": false, "titulo": "JG -02- Cerro Iguanitas 2, en : Rock Art Chronology in the Orinoco Basin of Southwestern Venezuela (Dissertation presented to the Faculty of the Graduate School University of Missouri-Columbia), pags   354 a 365", "tienePDF2": "", "esBibliografia": true, "ano": "1995", "description": false, "institucion": "University of Missouri-Columbia", "tienePDF1": "", "esFotografia": false, "tieneWord": "", "tipoMapa": null, "autor": "John William Greer", "tienePDF": "", "tieneFotografia4": "", "tieneFotografia1": "", "tieneFotografia3": "", "tieneFotografia2": "", "esNegativo": false, "conPdf": false, "codigo": "", "yacimiento": 4}}, {"pk": 5, "model": "anarapp.bibyacimiento", "fields": {"conWord": false, "conDibujo": true, "tieneMapa": "", "tieneWord1": "", "archivo1": "", "archivo2": "", "archivo3": "", "archivo4": "", "esDigital": false, "esDiapositiva": false, "tieneMapa1": "", "tieneMapa2": "", "tieneMapa3": "", "tieneMapa4": "", "archivo": "", "esBlancoYNegro": true, "escolor": false, "tieneFotografia": "", "esPapel": false, "titulo": "Proyecto Orinoco. LA  CUEVA  DEL ELEFANTE                                       ", "tienePDF2": "", "esBibliografia": true, "ano": "1970", "description": false, "institucion": "UCV, en ANAR", "tienePDF1": "", "esFotografia": true, "tieneWord": "", "tipoMapa": null, "autor": "Mario Sanoja e Iraida Vargas", "tienePDF": "", "tieneFotografia4": "", "tieneFotografia1": "", "tieneFotografia3": "", "tieneFotografia2": "", "esNegativo": false, "conPdf": false, "codigo": "C-3, C-56  (p\u00e1gs. 5 a 57)", "yacimiento": 5}}, {"pk": 6, "model": "anarapp.bibyacimiento", "fields": {"conWord": false, "conDibujo": false, "tieneMapa": "", "tieneWord1": "", "archivo1": "", "archivo2": "", "archivo3": "", "archivo4": "", "esDigital": true, "esDiapositiva": false, "tieneMapa1": "", "tieneMapa2": "", "tieneMapa3": "", "tieneMapa4": "", "archivo": "", "esBlancoYNegro": true, "escolor": false, "tieneFotografia": "", "esPapel": true, "titulo": "3 Pintura Rupestre Cueva del Elefante (en:  El Dise\u00f1o en los Petroglifos Venezolanos) ", "tienePDF2": "", "esBibliografia": true, "ano": "1987", "description": false, "institucion": "ANAR", "tienePDF1": "", "esFotografia": true, "tieneWord": "", "tipoMapa": null, "autor": "Ruby De Valencia & Jeannine Sujo ", "tienePDF": "", "tieneFotografia4": "", "tieneFotografia1": "", "tieneFotografia3": "", "tieneFotografia2": "", "esNegativo": true, "conPdf": false, "codigo": "C - 500     (p\u00e1gs. 246 - 247)", "yacimiento": 5}}, {"pk": 7, "model": "anarapp.bibyacimiento", "fields": {"conWord": false, "conDibujo": false, "tieneMapa": "", "tieneWord1": "", "archivo1": "", "archivo2": "", "archivo3": "", "archivo4": "", "esDigital": false, "esDiapositiva": false, "tieneMapa1": "", "tieneMapa2": "", "tieneMapa3": "", "tieneMapa4": "", "archivo": "", "esBlancoYNegro": false, "escolor": false, "tieneFotografia": "", "esPapel": false, "titulo": "Petroglifos Venezolanos", "tienePDF2": "", "esBibliografia": true, "ano": "1976", "description": false, "institucion": "en ANAR", "tienePDF1": "", "esFotografia": false, "tieneWord": "", "tipoMapa": null, "autor": "Rafael Delgado  ", "tienePDF": "", "tieneFotografia4": "", "tieneFotografia1": "", "tieneFotografia3": "", "tieneFotografia2": "", "esNegativo": false, "conPdf": false, "codigo": "C \u2013 125 (pags 39-40)", "yacimiento": 5}}, {"pk": 8, "model": "anarapp.bibyacimiento", "fields": {"conWord": false, "conDibujo": false, "tieneMapa": "", "tieneWord1": "", "archivo1": "", "archivo2": "", "archivo3": "", "archivo4": "", "esDigital": true, "esDiapositiva": false, "tieneMapa1": "", "tieneMapa2": "", "tieneMapa3": "", "tieneMapa4": "", "archivo": "", "esBlancoYNegro": false, "escolor": true, "tieneFotografia": "", "esPapel": false, "titulo": "Catalogo  Digital-GAN. Fundaci\u00f3n Museos Nacionales . (Anexos 18 a 27)  ", "tienePDF2": "", "esBibliografia": true, "ano": "2005", "description": false, "institucion": "en: ANAR", "tienePDF1": "", "esFotografia": true, "tieneWord": "", "tipoMapa": null, "autor": "Roberto Colantoni ", "tienePDF": "", "tieneFotografia4": "", "tieneFotografia1": "", "tieneFotografia3": "", "tieneFotografia2": "", "esNegativo": false, "conPdf": false, "codigo": "C \u2013 540", "yacimiento": 5}}, {"pk": 9, "model": "anarapp.bibyacimiento", "fields": {"conWord": false, "conDibujo": true, "tieneMapa": "", "tieneWord1": "", "archivo1": "", "archivo2": "", "archivo3": "", "archivo4": "", "esDigital": false, "esDiapositiva": false, "tieneMapa1": "", "tieneMapa2": "", "tieneMapa3": "", "tieneMapa4": "", "archivo": "bibliografia_yac/2014_05/Planta_vistas_y_corte-_Cueva_Ca\u00f1o_Ore_edo_Bol\u00edvar.jpg", "esBlancoYNegro": false, "escolor": false, "tieneFotografia": "", "esPapel": false, "titulo": "22) Bo. Cueva Ca\u00f1o Ore, en : Las Pinturas Rupestres del Parguaza: Mito y Representaci\u00f3n (Trabajo final de grado)", "tienePDF2": "", "esBibliografia": true, "ano": "Caracas, Marzo 1992", "description": false, "institucion": "Universidad Central de Venezuela - FACES- Escuela de Antropolog\u00eda", "tienePDF1": "", "esFotografia": false, "tieneWord": "", "tipoMapa": null, "autor": "Franz Scaramelli", "tienePDF": "", "tieneFotografia4": "", "tieneFotografia1": "", "tieneFotografia3": "", "tieneFotografia2": "", "esNegativo": false, "conPdf": false, "codigo": "C-255, (pags 150 a 152)", "yacimiento": 6}}, {"pk": 10, "model": "anarapp.bibyacimiento", "fields": {"conWord": false, "conDibujo": true, "tieneMapa": "", "tieneWord1": "", "archivo1": "", "archivo2": "", "archivo3": "", "archivo4": "", "esDigital": false, "esDiapositiva": false, "tieneMapa1": "", "tieneMapa2": "", "tieneMapa3": "", "tieneMapa4": "", "archivo": "bibliografia_yac/2014_05/JG_Cueva_Ca\u00f1o_Ore.jpg", "esBlancoYNegro": false, "escolor": false, "tieneFotografia": "", "esPapel": false, "titulo": "JG-12 Cueva del Ca\u00f1o Ore, en : Rock Art Chronology in the Orinoco Basin of Southwestern Venezuela (Dissertation presented to the Faculty of the Graduate School University of Missouri-Columbia), pags: 383-384", "tienePDF2": "", "esBibliografia": true, "ano": "1995", "description": false, "institucion": "University of Missouri-Columbia", "tienePDF1": "", "esFotografia": false, "tieneWord": "", "tipoMapa": null, "autor": "John William Greer", "tienePDF": "", "tieneFotografia4": "", "tieneFotografia1": "", "tieneFotografia3": "", "tieneFotografia2": "", "esNegativo": false, "conPdf": false, "codigo": "", "yacimiento": 6}}, {"pk": 11, "model": "anarapp.bibyacimiento", "fields": {"conWord": false, "conDibujo": false, "tieneMapa": "", "tieneWord1": "", "archivo1": "", "archivo2": "", "archivo3": "", "archivo4": "", "esDigital": false, "esDiapositiva": false, "tieneMapa1": "", "tieneMapa2": "", "tieneMapa3": "", "tieneMapa4": "", "archivo": "", "esBlancoYNegro": false, "escolor": true, "tieneFotografia": "", "esPapel": false, "titulo": "Catalogo  Digital-GAN. Fundaci\u00f3n Museos Nacionales", "tienePDF2": "", "esBibliografia": true, "ano": "2005", "description": false, "institucion": "en: ANAR", "tienePDF1": "", "esFotografia": true, "tieneWord": "", "tipoMapa": null, "autor": "Roberto Colantoni", "tienePDF": "", "tieneFotografia4": "", "tieneFotografia1": "", "tieneFotografia3": "", "tieneFotografia2": "", "esNegativo": false, "conPdf": false, "codigo": "C \u2013 540", "yacimiento": 6}}, {"pk": 13, "model": "anarapp.bibyacimiento", "fields": {"conWord": false, "conDibujo": true, "tieneMapa": "", "tieneWord1": "", "archivo1": "", "archivo2": "", "archivo3": "", "archivo4": "", "esDigital": false, "esDiapositiva": false, "tieneMapa1": "", "tieneMapa2": "", "tieneMapa3": "", "tieneMapa4": "", "archivo": "", "esBlancoYNegro": false, "escolor": false, "tieneFotografia": "", "esPapel": false, "titulo": "El Geoglifo de la Fila de Olivita en: Memorias de la Sociedad de Ciencias Naturales de la Salle., pp. 27-49", "tienePDF2": "", "esBibliografia": true, "ano": "A\u00f1o IX No. 23 enero abril Caracas ,1949", "description": false, "institucion": "", "tienePDF1": "", "esFotografia": false, "tieneWord": "", "tipoMapa": null, "autor": "Cruxent, Jos\u00e9 Mar\u00eda ", "tienePDF": "", "tieneFotografia4": "", "tieneFotografia1": "", "tieneFotografia3": "", "tieneFotografia2": "", "esNegativo": false, "conPdf": false, "codigo": "", "yacimiento": 7}}, {"pk": 14, "model": "anarapp.bibyacimiento", "fields": {"conWord": false, "conDibujo": false, "tieneMapa": "", "tieneWord1": "", "archivo1": "", "archivo2": "", "archivo3": "", "archivo4": "", "esDigital": false, "esDiapositiva": false, "tieneMapa1": "", "tieneMapa2": "", "tieneMapa3": "", "tieneMapa4": "", "archivo": "", "esBlancoYNegro": false, "escolor": false, "tieneFotografia": "", "esPapel": false, "titulo": "Los Petroglifos Venezolanos.  Revista A. No. 2", "tienePDF2": "", "esBibliografia": true, "ano": "Septiembre. Caracas 1955", "description": false, "institucion": "", "tienePDF1": "", "esFotografia": false, "tieneWord": "", "tipoMapa": null, "autor": "Cruxent, Jos\u00e9 Mar\u00eda ", "tienePDF": "", "tieneFotografia4": "", "tieneFotografia1": "", "tieneFotografia3": "", "tieneFotografia2": "", "esNegativo": false, "conPdf": false, "codigo": "", "yacimiento": 7}}, {"pk": 15, "model": "anarapp.bibyacimiento", "fields": {"conWord": false, "conDibujo": false, "tieneMapa": "", "tieneWord1": "", "archivo1": "", "archivo2": "", "archivo3": "", "archivo4": "", "esDigital": false, "esDiapositiva": false, "tieneMapa1": "", "tieneMapa2": "", "tieneMapa3": "", "tieneMapa4": "", "archivo": "", "esBlancoYNegro": false, "escolor": false, "tieneFotografia": "", "esPapel": false, "titulo": "The Earthgliph of Chirgua ,Venezuela. Review of Ethnology pp. 126-127", "tienePDF2": "", "esBibliografia": true, "ano": "Austria, 1972 ", "description": false, "institucion": "", "tienePDF1": "", "esFotografia": false, "tieneWord": "", "tipoMapa": null, "autor": "Straka, Hellmuth ", "tienePDF": "", "tieneFotografia4": "", "tieneFotografia1": "", "tieneFotografia3": "", "tieneFotografia2": "", "esNegativo": false, "conPdf": false, "codigo": "", "yacimiento": 7}}, {"pk": 16, "model": "anarapp.bibyacimiento", "fields": {"conWord": false, "conDibujo": false, "tieneMapa": "", "tieneWord1": "", "archivo1": "", "archivo2": "", "archivo3": "", "archivo4": "", "esDigital": false, "esDiapositiva": false, "tieneMapa1": "", "tieneMapa2": "", "tieneMapa3": "", "tieneMapa4": "", "archivo": "", "esBlancoYNegro": true, "escolor": false, "tieneFotografia": "", "esPapel": false, "titulo": "El dibujo m\u00e1s grande de Venezuela, en :Mec\u00e1nica Nacional p.48", "tienePDF2": "", "esBibliografia": true, "ano": "Caracas 1978", "description": false, "institucion": "ANAR", "tienePDF1": "", "esFotografia": true, "tieneWord": "", "tipoMapa": null, "autor": "Straka, Hellmuth", "tienePDF": "", "tieneFotografia4": "", "tieneFotografia1": "", "tieneFotografia3": "", "tieneFotografia2": "", "esNegativo": false, "conPdf": false, "codigo": "", "yacimiento": 7}}, {"pk": 17, "model": "anarapp.bibyacimiento", "fields": {"conWord": false, "conDibujo": false, "tieneMapa": "", "tieneWord1": "", "archivo1": "", "archivo2": "", "archivo3": "", "archivo4": "", "esDigital": false, "esDiapositiva": false, "tieneMapa1": "", "tieneMapa2": "", "tieneMapa3": "", "tieneMapa4": "", "archivo": "", "esBlancoYNegro": false, "escolor": false, "tieneFotografia": "", "esPapel": false, "titulo": "Los petroglifos en Venezuela, en :Separata del Bolet\u00edn de la Sociedad Venezolana de Ciencias Naturales No. 130/131 p151", "tienePDF2": "", "esBibliografia": true, "ano": "Caracas, 1976", "description": false, "institucion": "Sociedad Venezolana de Ciencias Naturales", "tienePDF1": "", "esFotografia": false, "tieneWord": "", "tipoMapa": null, "autor": "Straka, Hellmuth", "tienePDF": "", "tieneFotografia4": "", "tieneFotografia1": "", "tieneFotografia3": "", "tieneFotografia2": "", "esNegativo": false, "conPdf": false, "codigo": "", "yacimiento": 7}}, {"pk": 18, "model": "anarapp.bibyacimiento", "fields": {"conWord": false, "conDibujo": true, "tieneMapa": "", "tieneWord1": "", "archivo1": "", "archivo2": "", "archivo3": "", "archivo4": "", "esDigital": false, "esDiapositiva": false, "tieneMapa1": "", "tieneMapa2": "", "tieneMapa3": "", "tieneMapa4": "", "archivo": "", "esBlancoYNegro": false, "escolor": false, "tieneFotografia": "", "esPapel": false, "titulo": "El Estudio del Arte Rupestre en Venezuela. ", "tienePDF2": "", "esBibliografia": true, "ano": "", "description": false, "institucion": "Universidad Cat\u00f3lica Andr\u00e9s Bello. Instituto de Investigaciones Hist\u00f3ricas. Centro de Lenguas Ind\u00edgena", "tienePDF1": "", "esFotografia": false, "tieneWord": "", "tipoMapa": null, "autor": "Sujo Volsky, Jeannine.", "tienePDF": "", "tieneFotografia4": "", "tieneFotografia1": "", "tieneFotografia3": "", "tieneFotografia2": "", "esNegativo": false, "conPdf": false, "codigo": "", "yacimiento": 7}}, {"pk": 19, "model": "anarapp.bibyacimiento", "fields": {"conWord": false, "conDibujo": true, "tieneMapa": "", "tieneWord1": "", "archivo1": "", "archivo2": "", "archivo3": "", "archivo4": "", "esDigital": false, "esDiapositiva": false, "tieneMapa1": "", "tieneMapa2": "", "tieneMapa3": "", "tieneMapa4": "", "archivo": "", "esBlancoYNegro": false, "escolor": false, "tieneFotografia": "", "esPapel": false, "titulo": "Nuevas consideraciones metodol\u00f3gicas para el estudio del arte rupestre venezolano,p 247  ", "tienePDF2": "", "esBibliografia": true, "ano": "Par\u00eds, 1976", "description": false, "institucion": "Actes du XLIIe. Congres International des Americaniste.Vol IXB. Fondation Singer Polignac.", "tienePDF1": "", "esFotografia": false, "tieneWord": "", "tipoMapa": null, "autor": "Sujo Volsky, Jeannine.", "tienePDF": "", "tieneFotografia4": "", "tieneFotografia1": "", "tieneFotografia3": "", "tieneFotografia2": "", "esNegativo": false, "conPdf": false, "codigo": "", "yacimiento": 7}}, {"pk": 20, "model": "anarapp.bibyacimiento", "fields": {"conWord": false, "conDibujo": true, "tieneMapa": "", "tieneWord1": "", "archivo1": "", "archivo2": "", "archivo3": "", "archivo4": "", "esDigital": false, "esDiapositiva": false, "tieneMapa1": "", "tieneMapa2": "", "tieneMapa3": "", "tieneMapa4": "", "archivo": "", "esBlancoYNegro": true, "escolor": false, "tieneFotografia": "", "esPapel": false, "titulo": "Informe sobre el Geoglifo \"La Rueda del Indio\" Chirgua Venezuela. Bolet\u00edn El Gu\u00e1charo No. 44", "tienePDF2": "", "esBibliografia": true, "ano": "Diciembre, 1998", "description": false, "institucion": "Sociedad Venezolana de Espeleolog\u00eda", "tienePDF1": "", "esFotografia": false, "tieneWord": "", "tipoMapa": null, "autor": "Urbani, Bernardo & Franco, Urbani ", "tienePDF": "", "tieneFotografia4": "", "tieneFotografia1": "", "tieneFotografia3": "", "tieneFotografia2": "", "esNegativo": false, "conPdf": false, "codigo": "", "yacimiento": 7}}, {"pk": 24, "model": "anarapp.bibyacimiento", "fields": {"conWord": false, "conDibujo": true, "tieneMapa": "", "tieneWord1": "", "archivo1": "bibliografia_yac/2014_11/Dibujos_2_-_327_en_JG.jpg", "archivo2": "", "archivo3": "", "archivo4": "", "esDigital": false, "esDiapositiva": false, "tieneMapa1": "", "tieneMapa2": "", "tieneMapa3": "", "tieneMapa4": "", "archivo": "bibliografia_yac/2014_11/Dibujos_327_en_JG.jpg", "esBlancoYNegro": false, "escolor": false, "tieneFotografia": "", "esPapel": false, "titulo": "JG 11- CUEVA IGLESIAS en: Rock Art Chronology in the Orinoco Basin of Southwestern Venezuela", "tienePDF2": "", "esBibliografia": true, "ano": "1995 -august", "description": false, "institucion": "The faculty of the Graduate School University of Missouri- Columbia", "tienePDF1": "", "esFotografia": false, "tieneWord": "", "tipoMapa": null, "autor": "John William GREER", "tienePDF": "", "tieneFotografia4": "", "tieneFotografia1": "", "tieneFotografia3": "", "tieneFotografia2": "", "esNegativo": false, "conPdf": false, "codigo": "C- 504", "yacimiento": 3}}, {"pk": 27, "model": "anarapp.bibyacimiento", "fields": {"conWord": false, "conDibujo": true, "tieneMapa": "bibliografia_yac/2014_12/1.jpg", "tieneWord1": "", "archivo1": "bibliografia_yac/2014_12/Dibujos_3_de_327_en_C-255.jpg", "archivo2": "", "archivo3": "", "archivo4": "", "esDigital": false, "esDiapositiva": false, "tieneMapa1": "bibliografia_yac/2014_12/2.jpg", "tieneMapa2": "bibliografia_yac/2014_12/3.jpg", "tieneMapa3": "bibliografia_yac/2014_12/327_-_Cueva_Cerro_Iglesias.jpg", "tieneMapa4": "", "archivo": "bibliografia_yac/2014_12/Dibujos_2_de_327_en_C-255.jpg", "esBlancoYNegro": false, "escolor": false, "tieneFotografia": "", "esPapel": false, "titulo": "6) CUEVA IGLESIA, en: Pinturas Rupestres del Parguaza: Mito y Representaci\u00f3n", "tienePDF2": "", "esBibliografia": true, "ano": "Marzo 1992", "description": false, "institucion": "Universidad Central de Venezuela. FACES. ESCUELA DE ANTROPOLOG\u00cdA", "tienePDF1": "", "esFotografia": false, "tieneWord": "", "tipoMapa": null, "autor": "Franz G., SCARAMELLI A.", "tienePDF": "", "tieneFotografia4": "", "tieneFotografia1": "", "tieneFotografia3": "", "tieneFotografia2": "", "esNegativo": false, "conPdf": false, "codigo": "C-255", "yacimiento": 3}}, {"pk": 21, "model": "anarapp.bibyacimiento", "fields": {"conWord": false, "conDibujo": true, "tieneMapa": "bibliografia_yac/2015_09/Salamanca_1-Situaci\u00f3n_Relativa.jpg", "tieneWord1": "", "archivo1": "", "archivo2": "", "archivo3": "", "archivo4": "", "esDigital": false, "esDiapositiva": false, "tieneMapa1": "bibliografia_yac/2015_09/Salamanca_2-Situaci\u00f3n_Relativa.jpg", "tieneMapa2": "", "tieneMapa3": "", "tieneMapa4": "", "archivo": "", "esBlancoYNegro": true, "escolor": false, "tieneFotografia": "", "esPapel": false, "titulo": "El geoglifo de Chirgua (Carabobo, Venezuela). ", "tienePDF2": "", "esBibliografia": true, "ano": "2001", "description": true, "institucion": "En Rupestreweb,http://www.rupestreweb.info/chirgua.html", "tienePDF1": "", "esFotografia": true, "tieneWord": "", "tipoMapa": null, "autor": "Salamanca, Miguel \u00c1ngel", "tienePDF": "", "tieneFotografia4": "", "tieneFotografia1": "", "tieneFotografia3": "", "tieneFotografia2": "", "esNegativo": false, "conPdf": false, "codigo": "", "yacimiento": 7}}, {"pk": 23, "model": "anarapp.bibyacimiento", "fields": {"conWord": false, "conDibujo": false, "tieneMapa": "", "tieneWord1": "", "archivo1": "", "archivo2": "", "archivo3": "", "archivo4": "", "esDigital": false, "esDiapositiva": false, "tieneMapa1": "", "tieneMapa2": "", "tieneMapa3": "", "tieneMapa4": "", "archivo": "", "esBlancoYNegro": true, "escolor": false, "tieneFotografia": "bibliografia_yac/2014_11/Fotos_de_327_en_C-500.jpg", "esPapel": true, "titulo": "327-PINTURA RUPESTRE, Cueva del Cerro Iglesias, cuenca del r\u00edo Parguaza, en: El Dise\u00f1o en los Petroglifos venezolanos", "tienePDF2": "", "esBibliografia": true, "ano": "1987", "description": false, "institucion": "ANAR", "tienePDF1": "", "esFotografia": true, "tieneWord": "", "tipoMapa": null, "autor": "Ruby DE VALENCIA & Jeannine SUJO", "tienePDF": "", "tieneFotografia4": "", "tieneFotografia1": "bibliografia_yac/2014_11/Fotos__2_de_327_en_C-500.jpg", "tieneFotografia3": "bibliografia_yac/2014_11/Foto_4_de_327_en_C-500.jpg", "tieneFotografia2": "bibliografia_yac/2014_11/Fotos_3_de_327_en_C-500.jpg", "esNegativo": true, "conPdf": false, "codigo": "C-500", "yacimiento": 3}}, {"pk": 28, "model": "anarapp.bibyacimiento", "fields": {"conWord": true, "conDibujo": false, "tieneMapa": "", "tieneWord1": "", "archivo1": "", "archivo2": "", "archivo3": "", "archivo4": "", "esDigital": false, "esDiapositiva": false, "tieneMapa1": "", "tieneMapa2": "", "tieneMapa3": "", "tieneMapa4": "", "archivo": "", "esBlancoYNegro": false, "escolor": false, "tieneFotografia": "", "esPapel": false, "titulo": "El geoglifo de Chirgua (Carabobo,Venezuela)", "tienePDF2": "", "esBibliografia": true, "ano": "2001", "description": false, "institucion": "en Rupestre/web, http://rupestreweb.tripod.com/chirgua.html", "tienePDF1": "", "esFotografia": false, "tieneWord": "bibliografia_yac/2015_09/El_geoglifo_de_Chirgua.docx", "tipoMapa": null, "autor": "Lic. Miguel Angel Salamanca ", "tienePDF": "bibliografia_yac/2015_09/El_geoglifo_de_Chirgua.pdf", "tieneFotografia4": "", "tieneFotografia1": "", "tieneFotografia3": "", "tieneFotografia2": "", "esNegativo": false, "conPdf": true, "codigo": "", "yacimiento": 7}}, {"pk": 12, "model": "anarapp.bibyacimiento", "fields": {"conWord": false, "conDibujo": false, "tieneMapa": "", "tieneWord1": "", "archivo1": "", "archivo2": "", "archivo3": "", "archivo4": "", "esDigital": false, "esDiapositiva": false, "tieneMapa1": "", "tieneMapa2": "", "tieneMapa3": "", "tieneMapa4": "", "archivo": "", "esBlancoYNegro": true, "escolor": false, "tieneFotografia": "", "esPapel": false, "titulo": "El Geoglifo, en : El Dise\u00f1o en los Petroglifos venezolanos, pags 92-93 y 274 y 275", "tienePDF2": "", "esBibliografia": true, "ano": "Caracas, 1987", "description": false, "institucion": "ANAR", "tienePDF1": "", "esFotografia": true, "tieneWord": "", "tipoMapa": null, "autor": "De Valencia, Ruby & Jeannine Sujo", "tienePDF": "", "tieneFotografia4": "", "tieneFotografia1": "", "tieneFotografia3": "", "tieneFotografia2": "", "esNegativo": false, "conPdf": false, "codigo": "C- 500", "yacimiento": 7}}, {"pk": 1, "model": "anarapp.video", "fields": {}}, {"pk": 1, "model": "anarapp.videoyacimiento", "fields": {"autory": "Ruby De Valencia", "archivoy": "video/2015_09/VIDEO_MODELOS_3D_-_RA__ANAR.mp4", "tituloy": "Manifestaciones Rupestres en la Gegraf\u00eda venezolana", "instituciony": "ANAR", "numCopiayac": 1, "anioy": 2014, "formatoy": "mp4", "isvidyac": true, "yacimiento": 7, "isFromAnary": true, "numReferenciay": 1}}, {"pk": 1, "model": "anarapp.paginaweb", "fields": {}}, {"pk": 1, "model": "anarapp.paginawebyac", "fields": {"yacimiento": 3, "tieneWb": true, "direccionURLy": "http://www.museovirtualdeamericalatinayelcaribe.org/"}}, {"pk": 1, "model": "anarapp.obtencioninfo", "fields": {}}, {"pk": 2, "model": "anarapp.obtencioninfo", "fields": {}}, {"pk": 3, "model": "anarapp.obtencioninfo", "fields": {}}, {"pk": 4, "model": "anarapp.obtencioninfo", "fields": {}}, {"pk": 1, "model": "anarapp.obtinfoyac", "fields": {"blogY": "", "direccionY": "", "verificadoY": false, "nombreY": "", "mailY": "", "telefonoY": "", "nombreFacebookY": "", "prospeccionY": false, "fechaY": null, "paginaWebY": "", "twitterY": "", "comunicacionY": false, "telefonoCelY": "", "isinfo": false, "yacimiento": 4}}, {"pk": 2, "model": "anarapp.obtinfoyac", "fields": {"blogY": "", "direccionY": "", "verificadoY": false, "nombreY": "", "mailY": "", "telefonoY": "", "nombreFacebookY": "", "prospeccionY": false, "fechaY": null, "paginaWebY": "", "twitterY": "", "comunicacionY": false, "telefonoCelY": "", "isinfo": false, "yacimiento": 5}}, {"pk": 3, "model": "anarapp.obtinfoyac", "fields": {"blogY": "", "direccionY": "", "verificadoY": false, "nombreY": "", "mailY": "", "telefonoY": "", "nombreFacebookY": "", "prospeccionY": false, "fechaY": null, "paginaWebY": "", "twitterY": "", "comunicacionY": false, "telefonoCelY": "", "isinfo": false, "yacimiento": 6}}, {"pk": 4, "model": "anarapp.obtinfoyac", "fields": {"blogY": "", "direccionY": "SVE y Laboratorio de Arqueolog\u00eda UCV", "verificadoY": true, "nombreY": "Miguel Angel Perera", "mailY": "", "telefonoY": "0212 - 61.98.11 EXT 2215", "nombreFacebookY": "", "prospeccionY": true, "fechaY": "21 / 3 / 1986", "paginaWebY": "", "twitterY": "", "comunicacionY": true, "telefonoCelY": "", "isinfo": true, "yacimiento": 3}}, {"pk": 1, "model": "anarapp.otrosvalores", "fields": {}}, {"pk": 2, "model": "anarapp.otrosvalores", "fields": {}}, {"pk": 1, "model": "anarapp.otrosvalyac", "fields": {"yacimiento": 6, "texto": "El sitio ocupa una posici\u00f3n estrat\u00e9gica  con relaci\u00f3n al relieve local y la cueva constituye un lugar de peculiar belleza."}}, {"pk": 2, "model": "anarapp.otrosvalyac", "fields": {"yacimiento": 7, "texto": " \r\nREP\u00daBLICA DE VENEZUELA MINISTERIO DE LA SECRETAR\u00cdA DE LA PRESIDENCIA CONSEJO NACIONAL DE LA CULTURA INSTITUTO DEL PATRIMONIO CULTURAL RESOLUCI\u00d3N No. 009-98 6 DE NOVIEMBRE 1998 188\u00b0 Y 139\u00b0\r\n\r\nEl Presidente del Instituto del Patrimonio Cultural, en uso de las atribuciones conferidas en el numeral 1\u00b0 del art\u00edculo 10 de la Ley de Protecci\u00f3n y Defensa del Patrimonio Cultural y del numeral 2\u00b0 del art\u00edculo 11 del Reglamento Parcial N\u00b0 1 de dicha Ley.\r\n\r\nCONSIDERANDO: Que la llamada \"Rueda del Indio\", tambi\u00e9n llamada \"Rueda de Los Indios\", \"Geoglifo de la Fila de Olivita\", \"Geoglifo de Bejuma\" o \"Geoglifo de Chirgua\" es una manifestaci\u00f3n de car\u00e1cter singular, \u0153nica en Venezuela y en el resto de Am\u00e9rica.\r\n\r\nCONSIDERANDO: Que la Fila de Olivita, sitio en donde se encuentra la \"Rueda del Indio\" constituye un paraje importante en la historia del poblamiento local y dentro del conjunto de recursos ambientales de la regi\u00f3n;\r\n\r\nCONSIDERANDO: Que por su car\u00e1cter singular la \"Rueda del Indio\" es la manifestaci\u00f3n arqueol\u00f3gica por la cual es mejor conocida esa regi\u00f3n del Estado Carabobo y constituye un s\u00edmbolo por el cual se reconocen las localidades cercanas;\r\n\r\nCONSIDERANDO: Que la llamada \"Rueda del Indio\" mantiene nexos entra\u00f1ables con otras manifestaciones arqueol\u00f3gicas del Estado Carabobo y del resto del pa\u00eds, y que por lo tanto su conservaci\u00f3n debe ser asegurada, para garantizar el conocimiento cabal de todas esas manifestaciones;\r\n\r\nCONSIDERANDO: Que desde los inicios de las investigaciones antropol\u00f3gicas sistem\u00e1ticas en Venezuela, la \"Rueda del Indio\", por su extraordinario valor cient\u00edfico ha atra\u00eddo el inter\u00e9s de investigadores venezolanos y extranjeros, demostrando as\u00ed su car\u00e1cter peculiar dentro del conjunto de las manifestaciones arqueol\u00f3gicas conocidas en el pa\u00eds;\r\n\r\nCONSIDERANDO: Que la protecci\u00f3n de la \"Rueda del Indio\" y de sus \u00e1reas inmediatas es esencial para mantener la memoria hist\u00f3rica sobre las comunidades ind\u00edgenas de la regi\u00f3n, en la presente y futura colectividad del Estado Carabobo y del resto del pa\u00eds;\r\n\r\nCONSIDERANDO: Que por su antig\u00fcedad, dise\u00f1o y dimensiones, la \"Rueda del Indio\" constituye simul\u00e1neamente un recurso cultural, hist\u00f3rico y esc\u00e9nico, de importancia y relevancia nacional e internacional;\r\n\r\nRESUELVE:\r\n\r\nArt\u00edculo 1\u00b0.- De conformidad con lo establecido en los art\u00edculos 10 numeral 1\u00b0 y 13 de la Ley de Protecci\u00f3n y Defensa del Patrimonio Cultural se declara Bien de Inter\u00e9s Cultural de la Naci\u00f3n al geoglifo conocido con el nombre de \"Geoglifo Rueda del Indio\", tamb\u00e9n llamado \"Rueda de Los Indios\", \"\"Geoglifo de la Fila de Olivita\", \"Geoglifo de Bejuma\" o \"Geoglifo de Chirgua\", ubicado a 1.134.452,0 Norte y 5.909.910,0 Este. Seg\u00fan coordenadas U.T.M. a 10\u00b0 15\u2019 44,4\u201d Latitud Norte y a 68\u00b0 10\u2019 9.3\u201d Longitud Oeste. Localizado a 60\u00b0 al Noreste del patio de la Hacienda Cariaprima, y a 45\u00b0 al Sureste del Pico del Cerro de Paja., as\u00ed como a toda la porci\u00f3n del territorio nacional incluida dentro de los siguientes linderos definidos por accidentes f\u00edsico-naturales y punto en coordenada U.T.M. (Universal Transversa de Mercator), los cuales se describen a continuaci\u00f3n: Partiendo desde el Punto Datum ubicado a 1.134.452,0 Norte y 5.909.910,0 Este, ubicado en la secci\u00f3n media o tronco del geoglifo, intermedia entre los c\u00edrculos conc\u00e9ntricos y el v\u00e9rtice en donde confluyen los dos ap\u00e9ndices inferiores, hacia el Norte Franco hasta alcanzar la fila del cerro, tambi\u00e9n conocida como Fila Olivita, en su punto m\u00e1s alto, denominado Punto No. 1, y siguiendo luego por la fila del cerro rumbo Este, hasta el Punto No. 2, situado en la secci\u00f3n de la fila justamente arriba de las cabeceras del ramal extremo Sur de la Quebrada del Puente Los \u00c1rboles, despu\u00e9s descendiendo y continuando por el cauce o canal de dicha quebrada hasta el Punto No. 3, situado en el sitio en el cual dicha quebrada confluye con el cauce o canal del r\u00edo Chirgua despu\u00e9s de atravesar la cota de los 725 metros sobre el nivel del mar, prosiguiendo rumbo norte a lo largo del cauce o canal del r\u00edo Chirgua hasta el Punto No. 4, al Oeste franco del Punto No. 5 situado en el punto extremo Oeste de la fila Olivita correspondiente a la cota de los 750 metros sobre el nivel del mar, y continuando luego rumbo Este a lo largo de la fila del cerro hasta alcanzar el Punto No. 1.\r\n\r\nArt\u00edculo 2\u00b0.- Se declara \u00c1rea de Protecci\u00f3n el conjunto paisaj\u00edstico y ambiental asociado al \"Geoglifo de Chirgua\" a la secci\u00f3n del valle del r\u00edo Chirgua incluida dentro de los siguientes linderos definidos por accidentes f\u00edsico-naturales: Por el Oeste: fila del Cerro El Picacho que asciende desde el sector Hacienda Monte Sacro, a partir de un punto inicial en el extremo Sur de la cota de los 725 metros sobre el nivel del mar, hasta alcanzar la cota de los 1.200 metros, y luego continuando a lo largo de esta cota hacia el Norte y luego hacia el Este y hacia el Sur, incluyendo las secciones de la serran\u00eda correspondientes a las cabeceras del r\u00edo Chirgua y la vertiente Oeste de la Fila El Aguacatal hasta el punto en donde dicha cota intercepta el cauce o canal de la quebrada que desemboca en el sector conocido como Hacienda La Emilia. Continuando aguas abajo por dicha quebrada se sigue su confluencia con el r\u00edo Chirgua y de al\u00ed hasta su punto inicial.\r\n\r\nArt\u00edculo 3\u00b0.- Se prohibe la realizaci\u00f3n de excavaciones, el levantamiento de edificaciones, estructuras o construcciones, o la ejecuci\u00f3n de movimientos de tierras dentro del per\u2019metro considerado Bien de Inter\u00e9s Cultural en la presente declaratoria, as\u00ed como la aplicaci\u00f3n de pigmentos en los surcos o cara del geoglifo, la modificaci\u00f3n de las secciones del suelo en donde fue excavado, o el traslado del material arqueol\u00f3gico asociado afuera de los linderos del \u00e1rea demarcada, sin autorizaci\u00f3n expresa y asesor\u00eda t\u00e9cnica especializada del Instituto del Patrimonio Cultural. Asimismo se prohibe la colocaci\u00f3n de artefacto, construcciones o estructuras que afecten su visibilidad o el aspecto natural de su entorno ambiental y paisaj\u00edstico inmediato.\r\n\r\nArt\u00edculo 4\u00b0.- Se recomienda evitar la colocaci\u00f3n de artefactos, construcciones o estructuras que afecten el aspecto natural del entorno ambiental y paisaj\u00edstico inmediato considerado dentro de los linderos del \u00c1rea de Resguardo y Protecci\u00f3n, especialmente en cuanto a elementos tales como la vegetaci\u00f3n, las aguas, las formaciones orog\u00e9nicas o las edificaciones de inter\u00e9s hist\u00f3rico relacionadas con la pr\u00e1ctica de actividades agropecuarias. Para la realizaci\u00f3n de las actividades antes se\u00e1aladas se requerir\u00e1 la autorizaci\u00f3n y asesor\u00eda t\u00e9cnica especializada del Ministerio del Ambiente y los Recursos Naturales Renovables y del Instituto del Patrimonio Cultural.\r\n\r\nArt\u00edculo 5.- Notif\u00edquese de la presente resoluci\u00f3n a los propietarios de los terrenos donde se encuentra ubicado el \"Geoglifo de Chirgua\", tambi\u00e9n llamado \"Rueda del Indio\", \"Rueda de Los Indios\", \"Geoglifo de la Fila de Olivita\", o \"Geoglifo de Bejuma\", al Alcalde del Municipio Bejuma, a los Miembros de la C\u00e1mara Municipal del Municipio Bejuma; al Gobernador del Estado Carabobo; a los Miembros de la Asamblea Legislativa del Estado Carabobo; a los Ministerios del Ambiente y de los Recursos Naturales Renovables, Energ\u00eda y Minas y de la Secretar\u00eda de la Presidencia; al Presidente del Instituto Agrario Nacional (IAN) y al Presidente del Instituto Nacional de Parques (INPARQUES).\r\n\r\nComun\u00edquese, notif\u00edquese y Publ\u00edquese.\r\n\r\nGIAN PIETRO POSANI CONTESI\u2014 Presidente del Instituto del Patrimonio Cultural\r\n\r\n "}}, {"pk": 1, "model": "anarapp.observaciones", "fields": {}}, {"pk": 2, "model": "anarapp.observaciones", "fields": {}}, {"pk": 3, "model": "anarapp.observaciones", "fields": {}}, {"pk": 4, "model": "anarapp.observaciones", "fields": {}}, {"pk": 1, "model": "anarapp.observacionesyac", "fields": {"yacimiento": 5, "textoY": ""}}, {"pk": 2, "model": "anarapp.observacionesyac", "fields": {"yacimiento": 6, "textoY": ""}}, {"pk": 4, "model": "anarapp.observacionesyac", "fields": {"yacimiento": 3, "textoY": "Hay calcos de las pinturas que est\u00e1n frente a la pared en el borde mismo de la vertical. Para Perera, estas pinturas son seguramente Guanay. Descripci\u00f3n parecida a lo que dice Humboldt sobre la cueva Atauripe"}}, {"pk": 3, "model": "anarapp.observacionesyac", "fields": {"yacimiento": 7, "textoY": "El Estado Venezolano considerando el inmenso valor antropol\u00f3gico, cultural, hist\u00f3rico, esc\u00e9nico y su car\u00e1cter singular en el norte de Sur Am\u00e9rica lo declaro \"Bien de Inter\u00e9s Cultural de la Naci\u00f3n\" con su correspondiente \u00e1rea de protecci\u00f3n mediante Gaceta Oficial No. 5.299 / 29 de Enero 1999 Resoluci\u00f3n No. 009-98 / 06 de Noviembre 1998 del Instituto de Patrimonio Cultural, Consejo Nacional de la Cultura, Ministerio Secretaria de la Presidencia "}}, {"pk": 1, "model": "anarapp.llenadopor", "fields": {}}, {"pk": 2, "model": "anarapp.llenadopor", "fields": {}}, {"pk": 3, "model": "anarapp.llenadopor", "fields": {}}, {"pk": 4, "model": "anarapp.llenadopor", "fields": {}}, {"pk": 5, "model": "anarapp.llenadopor", "fields": {}}, {"pk": 6, "model": "anarapp.llenadopor", "fields": {}}, {"pk": 7, "model": "anarapp.llenadopor", "fields": {}}, {"pk": 1, "model": "anarapp.llenadoyac", "fields": {"fechaY": null, "nombreY": "", "yacimiento": 4}}, {"pk": 2, "model": "anarapp.llenadoyac", "fields": {"fechaY": null, "nombreY": "", "yacimiento": 4}}, {"pk": 3, "model": "anarapp.llenadoyac", "fields": {"fechaY": null, "nombreY": "", "yacimiento": 5}}, {"pk": 4, "model": "anarapp.llenadoyac", "fields": {"fechaY": null, "nombreY": "", "yacimiento": 5}}, {"pk": 5, "model": "anarapp.llenadoyac", "fields": {"fechaY": null, "nombreY": "", "yacimiento": 6}}, {"pk": 6, "model": "anarapp.llenadoyac", "fields": {"fechaY": null, "nombreY": "", "yacimiento": 7}}, {"pk": 7, "model": "anarapp.llenadoyac", "fields": {"fechaY": "4 / 8 / 1986", "nombreY": "Corinna Ott Weber", "yacimiento": 3}}, {"pk": 1, "model": "anarapp.supervisadopor", "fields": {}}, {"pk": 2, "model": "anarapp.supervisadopor", "fields": {}}, {"pk": 3, "model": "anarapp.supervisadopor", "fields": {}}, {"pk": 4, "model": "anarapp.supervisadopor", "fields": {}}, {"pk": 5, "model": "anarapp.supervisadopor", "fields": {}}, {"pk": 1, "model": "anarapp.supervisadoyac", "fields": {"fechaY": null, "nombreY": "", "yacimiento": 4}}, {"pk": 2, "model": "anarapp.supervisadoyac", "fields": {"fechaY": null, "nombreY": "", "yacimiento": 4}}, {"pk": 3, "model": "anarapp.supervisadoyac", "fields": {"fechaY": null, "nombreY": "", "yacimiento": 5}}, {"pk": 4, "model": "anarapp.supervisadoyac", "fields": {"fechaY": null, "nombreY": "", "yacimiento": 5}}, {"pk": 5, "model": "anarapp.supervisadoyac", "fields": {"fechaY": " 5 / 8 /1986 - 7 / 9  /2014 ", "nombreY": " Jeannine Sujo - Ruby De Valencia", "yacimiento": 3}}]